Printing Modifier Definitions:
Tag: ai_require_cb_for_war, Categories: Country, , All, 
Tag: ai_opinion_bias, Categories: Country, , All, 
Tag: can_recruit_explorer, Categories: Country, , All, 
Tag: can_invite_settlers, Categories: Country, , All, 
Tag: allow_rgo_slave_demand, Categories: Country, , All, 
Tag: allow_mysticism_vs_jurisprudence, Categories: Country, , All, 
Tag: shared_border_impact, Categories: Country, , All, 
Tag: army_logistics_distance, Categories: Unit, , All, 
Tag: army_logistics_distance_modifier, Categories: Unit, , All, 
Tag: army_artillery_power, Categories: Unit, , All, 
Tag: army_auxiliary_power, Categories: Unit, , All, 
Tag: army_light_cavalry_power, Categories: Unit, , All, 
Tag: army_heavy_cavalry_power, Categories: Unit, , All, 
Tag: army_light_infantry_power, Categories: Unit, , All, 
Tag: army_heavy_infantry_power, Categories: Unit, , All, 
Tag: navy_galley_power, Categories: Unit, , All, 
Tag: navy_heavy_ship_power, Categories: Unit, , All, 
Tag: navy_light_ship_power, Categories: Unit, , All, 
Tag: navy_transport_power, Categories: Unit, , All, 
Tag: scaled_lost_war_cost_modifier, Categories: Country, , All, 
Tag: call_jihad_cost_modifier, Categories: Country, , All, 
Tag: national_church_power_cost_modifier, Categories: Country, , All, 
Tag: hussite_wars_actions_price_cost_modifier, Categories: Country, , All, 
Tag: join_sect_cost_modifier, Categories: Country, , All, 
Tag: disfavor_sect_cost_modifier, Categories: Country, , All, 
Tag: stop_disfavoring_sect_cost_modifier, Categories: Country, , All, 
Tag: promote_sect_cost_modifier, Categories: Country, , All, 
Tag: stop_promoting_sect_cost_modifier, Categories: Country, , All, 
Tag: leave_sect_cost_modifier, Categories: Country, , All, 
Tag: perform_tantric_ritual_cost_modifier, Categories: Country, , All, 
Tag: organize_spiritual_retreat_cost_modifier, Categories: Country, , All, 
Tag: commission_religious_images_cost_modifier, Categories: Country, , All, 
Tag: join_branch_cost_modifier, Categories: Country, , All, 
Tag: activate_avatar_cost_modifier, Categories: Country, , All, 
Tag: deactivate_avatar_cost_modifier, Categories: Country, , All, 
Tag: reroll_avatar_cost_modifier, Categories: Country, , All, 
Tag: perform_yoga_cost_modifier, Categories: Country, , All, 
Tag: indulge_in_feasts_cost_modifier, Categories: Country, , All, 
Tag: discard_worldly_possessions_cost_modifier, Categories: Country, , All, 
Tag: indulge_in_bloodbath_cost_modifier, Categories: Country, , All, 
Tag: favor_god_cost_modifier, Categories: Country, , All, 
Tag: nanbokuchou_change_sides_cost_modifier, Categories: Country, , All, 
Tag: nanbokuchou_declare_neutrality_cost_modifier, Categories: Country, , All, 
Tag: sengoku_attempt_imperial_restoration_cost_modifier, Categories: Country, , All, 
Tag: sengoku_force_end_war_cost_modifier, Categories: Country, , All, 
Tag: sengoku_revoke_clans_land_cost_modifier, Categories: Country, , All, 
Tag: sengoku_limit_clans_autonomy_cost_modifier, Categories: Country, , All, 
Tag: sengoku_summon_to_court_cost_modifier, Categories: Country, , All, 
Tag: sengoku_proclaim_clan_independence_cost_modifier, Categories: Country, , All, 
Tag: sengoku_increment_recruitment_cost_modifier, Categories: Country, , All, 
Tag: sengoku_offer_hostage_cost_modifier, Categories: Country, , All, 
Tag: sengoku_ask_for_hostage_cost_modifier, Categories: Country, , All, 
Tag: sengoku_prove_heritage_cost_modifier, Categories: Country, , All, 
Tag: grant_shugo_office_cost_modifier, Categories: Country, , All, 
Tag: revoke_shugo_office_cost_modifier, Categories: Country, , All, 
Tag: claim_shugo_office_cost_modifier, Categories: Country, , All, 
Tag: join_autocephalous_patriarchate_cost_modifier, Categories: Country, , All, 
Tag: create_autocephalous_patriarchate_cost_modifier, Categories: Country, , All, 
Tag: third_rome_cost_modifier, Categories: Country, , All, 
Tag: relocate_ecumenical_patriarchate_cost_modifier, Categories: Country, , All, 
Tag: cleansing_ritual_purity_cost_modifier, Categories: Country, , All, 
Tag: cleansing_ritual_yanantin_cost_modifier, Categories: Country, , All, 
Tag: get_claim_from_imperial_court_cost_modifier, Categories: Country, , All, 
Tag: get_marriage_from_imperial_court_cost_modifier, Categories: Country, , All, 
Tag: become_shogun_from_imperial_court_cost_modifier, Categories: Country, , All, 
Tag: appease_nobles_estate_from_shogun_court_cost_modifier, Categories: Country, , All, 
Tag: increase_levies_from_shogun_court_cost_modifier, Categories: Country, , All, 
Tag: increase_tax_income_from_shogun_court_cost_modifier, Categories: Country, , All, 
Tag: demand_extra_payment_from_shogun_court_cost_modifier, Categories: Country, , All, 
Tag: increase_peasant_satisfaction_from_ikko_ikki_cost_modifier, Categories: Country, , All, 
Tag: reduce_rebels_from_ikko_ikki_cost_modifier, Categories: Country, , All, 
Tag: allow_safe_refuge_cost_modifier, Categories: Country, , All, 
Tag: crackdown_their_strongholds_cost_modifier, Categories: Country, , All, 
Tag: increase_literacy_from_religious_sects_cost_modifier, Categories: Country, , All, 
Tag: increase_clergy_satisfaction_from_religious_sects_cost_modifier, Categories: Country, , All, 
Tag: favor_buddhist_schools_from_religious_sects_cost_modifier, Categories: Country, , All, 
Tag: favor_kami_worship_from_religious_sects_cost_modifier, Categories: Country, , All, 
Tag: keep_kami_and_buddha_balanced_from_religious_sects_cost_modifier, Categories: Country, , All, 
Tag: baptize_ruler_from_kirishitan_cost_modifier, Categories: Country, , All, 
Tag: hold_public_kirishitan_mass_cost_modifier, Categories: Country, , All, 
Tag: establish_treaty_with_kirishitan_cost_modifier, Categories: Country, , All, 
Tag: limit_movement_of_kirishitan_cost_modifier, Categories: Country, , All, 
Tag: pilgrimage_action_cost_modifier, Categories: Country, , All, 
Tag: nahuatl_religious_actions_price_cost_modifier, Categories: Country, , All, 
Tag: inti_ceremonial_festivals_cost_modifier, Categories: Country, , All, 
Tag: mayan_ceremonial_festivals_cost_modifier, Categories: Country, , All, 
Tag: sacrifice_noble_blood_cost_modifier, Categories: Country, , All, 
Tag: change_main_school_cost_modifier, Categories: Country, , All, 
Tag: sell_icon_cost_modifier, Categories: Country, , All, 
Tag: religious_offering_cost_modifier, Categories: Country, , All, 
Tag: migrate_pop_based_country_cost_modifier, Categories: Country, , All, 
Tag: add_location_to_international_organization_cost_modifier, Categories: Country, , All, 
Tag: remove_location_from_international_organization_cost_modifier, Categories: Country, , All, 
Tag: army_losses_in_war_cost_modifier, Categories: Country, , All, 
Tag: enemy_army_losses_in_war_cost_modifier, Categories: Country, , All, 
Tag: losses_to_disease_cost_modifier, Categories: Country, , All, 
Tag: damage_done_versus_heathens_modifier, Categories: Unit, , All, 
Tag: damage_done_versus_heretics_modifier, Categories: Unit, , All, 
Tag: cardinal_price_cost_modifier, Categories: Country, , All, 
Tag: navy_heavy_ship_build_cost_modifier, Categories: Country, , All, 
Tag: navy_light_ship_build_cost_modifier, Categories: Country, , All, 
Tag: build_gravel_road_cost_modifier, Categories: Country, , All, 
Tag: build_paved_road_cost_modifier, Categories: Country, , All, 
Tag: build_modern_road_cost_modifier, Categories: Country, , All, 
Tag: build_railroad_cost_modifier, Categories: Country, , All, 
Tag: hire_mercenary_leader_cost_modifier, Categories: Country, , All, 
Tag: hire_mercenary_premium_cost_modifier, Categories: Country, , All, 
Tag: bribe_units_cost_modifier, Categories: Country, , All, 
Tag: hire_prisoners_cost_modifier, Categories: Country, , All, 
Tag: ransom_units_cost_modifier, Categories: Country, , All, 
Tag: subject_pays_colonial_cost_modifier, Categories: Country, , All, 
Tag: subject_pays_tributary_cost_modifier, Categories: Country, , All, 
Tag: negotiate_rebels_buy_off_price_cost_modifier, Categories: Country, , All, 
Tag: army_heavy_cavalry_reinforce_cost_modifier, Categories: Country, , All, 
Tag: army_heavy_cavalry_maintenance_cost_modifier, Categories: Country, , All, 
Tag: army_light_cavalry_reinforce_cost_modifier, Categories: Country, , All, 
Tag: army_light_cavalry_maintenance_cost_modifier, Categories: Country, , All, 
Tag: revoke_privilege_cost_modifier, Categories: Country, , All, 
Tag: local_nobles_desired_pop_scaled, Categories: Location, , All, 
Tag: local_nobles_desired_pop, Categories: Location, , All, 
Tag: global_nobles_desired_pop_scaled, Categories: Country, , All, 
Tag: global_nobles_desired_pop, Categories: Country, , All, 
Tag: global_nobles_city_desired_pop_scaled, Categories: Country, , All, 
Tag: global_nobles_city_desired_pop, Categories: Country, , All, 
Tag: global_nobles_rural_desired_pop_scaled, Categories: Country, , All, 
Tag: global_nobles_rural_desired_pop, Categories: Country, , All, 
Tag: global_nobles_migration_allowed, Categories: Country, , All, 
Tag: local_nobles_migration_allowed, Categories: Location, , All, 
Tag: local_nobles_max_literacy, Categories: Location, , All, 
Tag: global_nobles_max_literacy, Categories: Country, , All, 
Tag: local_clergy_desired_pop_scaled, Categories: Location, , All, 
Tag: local_clergy_desired_pop, Categories: Location, , All, 
Tag: global_clergy_desired_pop_scaled, Categories: Country, , All, 
Tag: global_clergy_desired_pop, Categories: Country, , All, 
Tag: global_clergy_city_desired_pop_scaled, Categories: Country, , All, 
Tag: global_clergy_city_desired_pop, Categories: Country, , All, 
Tag: global_clergy_rural_desired_pop_scaled, Categories: Country, , All, 
Tag: global_clergy_rural_desired_pop, Categories: Country, , All, 
Tag: global_clergy_migration_allowed, Categories: Country, , All, 
Tag: local_clergy_migration_allowed, Categories: Location, , All, 
Tag: local_clergy_max_literacy, Categories: Location, , All, 
Tag: global_clergy_max_literacy, Categories: Country, , All, 
Tag: local_burghers_desired_pop_scaled, Categories: Location, , All, 
Tag: local_burghers_desired_pop, Categories: Location, , All, 
Tag: global_burghers_desired_pop_scaled, Categories: Country, , All, 
Tag: global_burghers_desired_pop, Categories: Country, , All, 
Tag: global_burghers_city_desired_pop_scaled, Categories: Country, , All, 
Tag: global_burghers_city_desired_pop, Categories: Country, , All, 
Tag: global_burghers_rural_desired_pop_scaled, Categories: Country, , All, 
Tag: global_burghers_rural_desired_pop, Categories: Country, , All, 
Tag: global_burghers_migration_allowed, Categories: Country, , All, 
Tag: local_burghers_migration_allowed, Categories: Location, , All, 
Tag: local_burghers_max_literacy, Categories: Location, , All, 
Tag: global_burghers_max_literacy, Categories: Country, , All, 
Tag: local_peasants_desired_pop_scaled, Categories: Location, , All, 
Tag: local_peasants_desired_pop, Categories: Location, , All, 
Tag: global_peasants_desired_pop_scaled, Categories: Country, , All, 
Tag: global_peasants_desired_pop, Categories: Country, , All, 
Tag: global_peasants_city_desired_pop_scaled, Categories: Country, , All, 
Tag: global_peasants_city_desired_pop, Categories: Country, , All, 
Tag: global_peasants_rural_desired_pop_scaled, Categories: Country, , All, 
Tag: global_peasants_rural_desired_pop, Categories: Country, , All, 
Tag: global_peasants_migration_allowed, Categories: Country, , All, 
Tag: local_peasants_migration_allowed, Categories: Location, , All, 
Tag: local_peasants_max_literacy, Categories: Location, , All, 
Tag: global_peasants_max_literacy, Categories: Country, , All, 
Tag: local_laborers_desired_pop_scaled, Categories: Location, , All, 
Tag: local_laborers_desired_pop, Categories: Location, , All, 
Tag: global_laborers_desired_pop_scaled, Categories: Country, , All, 
Tag: global_laborers_desired_pop, Categories: Country, , All, 
Tag: global_laborers_rural_desired_pop_scaled, Categories: Country, , All, 
Tag: global_laborers_rural_desired_pop, Categories: Country, , All, 
Tag: global_laborers_city_desired_pop_scaled, Categories: Country, , All, 
Tag: global_laborers_city_desired_pop, Categories: Country, , All, 
Tag: global_laborers_migration_allowed, Categories: Country, , All, 
Tag: local_laborers_migration_allowed, Categories: Location, , All, 
Tag: local_laborers_max_literacy, Categories: Location, , All, 
Tag: global_laborers_max_literacy, Categories: Country, , All, 
Tag: local_soldiers_desired_pop_scaled, Categories: Location, , All, 
Tag: local_soldiers_desired_pop, Categories: Location, , All, 
Tag: global_soldiers_desired_pop_scaled, Categories: Country, , All, 
Tag: global_soldiers_desired_pop, Categories: Country, , All, 
Tag: global_soldiers_rural_desired_pop_scaled, Categories: Country, , All, 
Tag: global_soldiers_rural_desired_pop, Categories: Country, , All, 
Tag: global_soldiers_city_desired_pop_scaled, Categories: Country, , All, 
Tag: global_soldiers_city_desired_pop, Categories: Country, , All, 
Tag: global_soldiers_migration_allowed, Categories: Country, , All, 
Tag: local_soldiers_migration_allowed, Categories: Location, , All, 
Tag: local_soldiers_max_literacy, Categories: Location, , All, 
Tag: global_soldiers_max_literacy, Categories: Country, , All, 
Tag: local_slaves_desired_pop_scaled, Categories: Location, , All, 
Tag: local_slaves_desired_pop, Categories: Location, , All, 
Tag: global_slaves_desired_pop_scaled, Categories: Country, , All, 
Tag: global_slaves_desired_pop, Categories: Country, , All, 
Tag: global_slaves_city_desired_pop_scaled, Categories: Country, , All, 
Tag: global_slaves_city_desired_pop, Categories: Country, , All, 
Tag: global_slaves_rural_desired_pop_scaled, Categories: Country, , All, 
Tag: global_slaves_rural_desired_pop, Categories: Country, , All, 
Tag: global_slaves_migration_allowed, Categories: Country, , All, 
Tag: local_slaves_migration_allowed, Categories: Location, , All, 
Tag: local_slaves_max_literacy, Categories: Location, , All, 
Tag: global_slaves_max_literacy, Categories: Country, , All, 
Tag: local_tribesmen_desired_pop_scaled, Categories: Location, , All, 
Tag: local_tribesmen_desired_pop, Categories: Location, , All, 
Tag: global_tribesmen_desired_pop_scaled, Categories: Country, , All, 
Tag: global_tribesmen_desired_pop, Categories: Country, , All, 
Tag: global_tribesmen_city_desired_pop_scaled, Categories: Country, , All, 
Tag: global_tribesmen_city_desired_pop, Categories: Country, , All, 
Tag: global_tribesmen_rural_desired_pop_scaled, Categories: Country, , All, 
Tag: global_tribesmen_rural_desired_pop, Categories: Country, , All, 
Tag: global_tribesmen_migration_allowed, Categories: Country, , All, 
Tag: local_tribesmen_migration_allowed, Categories: Location, , All, 
Tag: local_tribesmen_max_literacy, Categories: Location, , All, 
Tag: global_tribesmen_max_literacy, Categories: Country, , All, 
Tag: local_nobles_pop_growth, Categories: Location, , All, 
Tag: global_nobles_pop_growth, Categories: Country, , All, 
Tag: local_clergy_pop_growth, Categories: Location, , All, 
Tag: global_clergy_pop_growth, Categories: Country, , All, 
Tag: local_burghers_pop_growth, Categories: Location, , All, 
Tag: global_burghers_pop_growth, Categories: Country, , All, 
Tag: local_laborers_pop_growth, Categories: Location, , All, 
Tag: global_laborers_pop_growth, Categories: Country, , All, 
Tag: local_soldiers_pop_growth, Categories: Location, , All, 
Tag: global_soldiers_pop_growth, Categories: Country, , All, 
Tag: local_peasants_pop_growth, Categories: Location, , All, 
Tag: global_peasants_pop_growth, Categories: Country, , All, 
Tag: local_tribesmen_pop_growth, Categories: Location, , All, 
Tag: global_tribesmen_pop_growth, Categories: Country, , All, 
Tag: local_slaves_pop_growth, Categories: Location, , All, 
Tag: global_slaves_pop_growth, Categories: Country, , All, 
Tag: block_from_crown_estate, Categories: Character, , All, 
Tag: crown_estate_target_satisfaction, Categories: Country, , All, 
Tag: crown_estate_satisfaction_decay, Categories: Country, , All, 
Tag: crown_estate_satisfaction_recovery, Categories: Country, , All, 
Tag: crown_estate_max_tax, Categories: Country, , All, 
Tag: crown_estate_min_tax, Categories: Country, , All, 
Tag: crown_estate_levy_size, Categories: Country, , All, 
Tag: local_crown_estate_power, Categories: Location, , All, 
Tag: crown_power_from_population, Categories: Country, , All, 
Tag: global_crown_estate_power, Categories: Country, , All, 
Tag: base_crown_estate_power_modifier, Categories: Country, , All, 
Tag: dhimmi_estate_target_satisfaction, Categories: Country, , All, 
Tag: dhimmi_estate_satisfaction_decay, Categories: Country, , All, 
Tag: dhimmi_estate_satisfaction_recovery, Categories: Country, , All, 
Tag: dhimmi_estate_max_tax, Categories: Country, , All, 
Tag: dhimmi_estate_min_tax, Categories: Country, , All, 
Tag: dhimmi_estate_levy_size, Categories: Country, , All, 
Tag: local_dhimmi_estate_power, Categories: Location, , All, 
Tag: global_dhimmi_estate_power, Categories: Country, , All, 
Tag: base_dhimmi_estate_power_modifier, Categories: Country, , All, 
Tag: local_slaves_food_consumption, Categories: Location, , All, 
Tag: global_slaves_food_consumption, Categories: Country, , All, 
Tag: local_tribesmen_food_consumption, Categories: Location, , All, 
Tag: global_tribesmen_food_consumption, Categories: Country, , All, 
Tag: estate_satisfaction_from_building, Categories: Country, , All, 
Tag: global_estate_power, Categories: Country, , All, 
Tag: global_estate_target_satisfaction, Categories: Country, , All, 
Tag: global_estate_satisfaction_decay, Categories: Country, , All, 
Tag: global_estate_satisfaction_recovery, Categories: Country, , All, 
Tag: global_estate_max_tax, Categories: Country, , All, 
Tag: global_estate_min_tax, Categories: Country, , All, 
Tag: global_pop_food_consumption, Categories: Country, , All, 
Tag: local_pop_food_consumption, Categories: Location, , All, 
Tag: global_food_decay, Categories: Country, , All, 
Tag: local_food_decay, Categories: Location, , All, 
Tag: local_food_decay_modifier, Categories: Location, , All, 
Tag: nobles_estate_target_satisfaction, Categories: Country, , All, 
Tag: nobles_estate_satisfaction_decay, Categories: Country, , All, 
Tag: nobles_estate_satisfaction_recovery, Categories: Country, , All, 
Tag: nobles_estate_max_tax, Categories: Country, , All, 
Tag: nobles_estate_min_tax, Categories: Country, , All, 
Tag: nobles_estate_levy_size, Categories: Country, , All, 
Tag: local_nobles_estate_power, Categories: Location, , All, 
Tag: global_nobles_estate_power, Categories: Country, , All, 
Tag: base_nobles_estate_power_modifier, Categories: Country, , All, 
Tag: local_nobles_food_consumption, Categories: Location, , All, 
Tag: global_nobles_food_consumption, Categories: Country, , All, 
Tag: clergy_estate_target_satisfaction, Categories: Country, , All, 
Tag: clergy_estate_satisfaction_decay, Categories: Country, , All, 
Tag: clergy_estate_satisfaction_recovery, Categories: Country, , All, 
Tag: clergy_estate_max_tax, Categories: Country, , All, 
Tag: clergy_estate_min_tax, Categories: Country, , All, 
Tag: clergy_estate_levy_size, Categories: Country, , All, 
Tag: local_clergy_estate_power, Categories: Location, , All, 
Tag: global_clergy_estate_power, Categories: Country, , All, 
Tag: base_clergy_estate_power_modifier, Categories: Country, , All, 
Tag: local_clergy_food_consumption, Categories: Location, , All, 
Tag: global_clergy_food_consumption, Categories: Country, , All, 
Tag: burghers_estate_target_satisfaction, Categories: Country, , All, 
Tag: burghers_estate_satisfaction_decay, Categories: Country, , All, 
Tag: burghers_estate_satisfaction_recovery, Categories: Country, , All, 
Tag: burghers_estate_max_tax, Categories: Country, , All, 
Tag: burghers_estate_min_tax, Categories: Country, , All, 
Tag: burghers_estate_levy_size, Categories: Country, , All, 
Tag: local_burghers_estate_power, Categories: Location, , All, 
Tag: global_burghers_estate_power, Categories: Country, , All, 
Tag: base_burghers_estate_power_modifier, Categories: Country, , All, 
Tag: local_burghers_food_consumption, Categories: Location, , All, 
Tag: global_burghers_food_consumption, Categories: Country, , All, 
Tag: peasants_estate_target_satisfaction, Categories: Country, , All, 
Tag: peasants_estate_satisfaction_decay, Categories: Country, , All, 
Tag: peasants_estate_satisfaction_recovery, Categories: Country, , All, 
Tag: peasants_estate_max_tax, Categories: Country, , All, 
Tag: peasants_estate_min_tax, Categories: Country, , All, 
Tag: peasants_estate_levy_size, Categories: Country, , All, 
Tag: local_peasants_estate_power, Categories: Location, , All, 
Tag: global_peasants_estate_power, Categories: Country, , All, 
Tag: base_peasants_estate_power_modifier, Categories: Country, , All, 
Tag: local_peasants_food_consumption, Categories: Location, , All, 
Tag: global_peasants_food_consumption, Categories: Country, , All, 
Tag: local_laborers_food_consumption, Categories: Location, , All, 
Tag: global_laborers_food_consumption, Categories: Country, , All, 
Tag: local_soldiers_food_consumption, Categories: Location, , All, 
Tag: global_soldiers_food_consumption, Categories: Country, , All, 
Tag: crown_estate_cannot_marry, Categories: Country, , All, 
Tag: nobles_estate_cannot_marry, Categories: Country, , All, 
Tag: clergy_estate_cannot_marry, Categories: Country, , All, 
Tag: burghers_estate_cannot_marry, Categories: Country, , All, 
Tag: peasants_estate_cannot_marry, Categories: Country, , All, 
Tag: dhimmi_estate_cannot_marry, Categories: Country, , All, 
Tag: empty_unit_maintenance_cost_modifier, Categories: Country, , All, 
Tag: change_heir_selection_cost_modifier, Categories: Country, , All, 
Tag: expand_rgo_mining_cost_modifier, Categories: Country, , All, 
Tag: expand_rgo_farming_cost_modifier, Categories: Country, , All, 
Tag: expand_aqueduct_system_cost_modifier, Categories: Country, , All, 
Tag: build_hippodrome_price_cost_modifier, Categories: Country, , All, 
Tag: expand_rgo_hunting_cost_modifier, Categories: Country, , All, 
Tag: expand_rgo_gathering_cost_modifier, Categories: Country, , All, 
Tag: expand_rgo_forestry_cost_modifier, Categories: Country, , All, 
Tag: embrace_institution_cost_modifier, Categories: Country, , All, 
Tag: grant_privilege_cost_modifier, Categories: Country, , All, 
Tag: create_supply_depot_cost_modifier, Categories: Country, , All, 
Tag: remove_government_reform_cost_modifier, Categories: Country, , All, 
Tag: set_cabine_action_cost_modifier, Categories: Country, , All, 
Tag: set_cabinet_member_cost_modifier, Categories: Country, , All, 
Tag: replace_cabinet_member_cost_modifier, Categories: Country, , All, 
Tag: set_policy_cost_modifier, Categories: Country, , All, 
Tag: change_policy_cost_modifier, Categories: Country, , All, 
Tag: declaring_war_cost_modifier, Categories: Country, , All, 
Tag: honoring_alliance_call_cost_modifier, Categories: Country, , All, 
Tag: war_breaking_truce_cost_modifier, Categories: Country, , All, 
Tag: war_breaking_truce_with_guarantor_cost_modifier, Categories: Country, , All, 
Tag: war_great_relations_cost_modifier, Categories: Country, , All, 
Tag: war_good_relations_cost_modifier, Categories: Country, , All, 
Tag: war_when_military_acces_cost_modifier, Categories: Country, , All, 
Tag: war_no_cb_cost_modifier, Categories: Country, , All, 
Tag: war_on_subject_cost_modifier, Categories: Country, , All, 
Tag: war_on_same_religion_cb_cost_modifier, Categories: Country, , All, 
Tag: war_on_same_religion_no_cb_cost_modifier, Categories: Country, , All, 
Tag: war_on_different_religion_cost_modifier, Categories: Country, , All, 
Tag: send_gift_cost_modifier, Categories: Country, , All, 
Tag: replace_rival_cost_modifier, Categories: Country, , All, 
Tag: create_colonial_charter_cost_modifier, Categories: Country, , All, 
Tag: abandon_colonial_charter_cost_modifier, Categories: Country, , All, 
Tag: capital_movement_cost_modifier, Categories: Country, , All, 
Tag: set_province_capital_cost_modifier, Categories: Country, , All, 
Tag: create_market_cost_modifier, Categories: Country, , All, 
Tag: relocate_market_cost_modifier, Categories: Country, , All, 
Tag: hire_advisor_cost_modifier, Categories: Country, , All, 
Tag: hire_artist_cost_modifier, Categories: Country, , All, 
Tag: train_general_cost_modifier, Categories: Country, , All, 
Tag: train_admiral_cost_modifier, Categories: Country, , All, 
Tag: invite_foreign_cleric_cost_modifier, Categories: Country, , All, 
Tag: select_omen_god_cost_modifier, Categories: Country, , All, 
Tag: host_olympiad_cost_modifier, Categories: Country, , All, 
Tag: sponsor_troop_feast_cost_modifier, Categories: Country, , All, 
Tag: grant_a_triumph_cost_modifier, Categories: Country, , All, 
Tag: roman_festivals_cost_modifier, Categories: Country, , All, 
Tag: greek_festivals_cost_modifier, Categories: Country, , All, 
Tag: destroy_market_cost_modifier, Categories: Country, , All, 
Tag: change_court_language_cost_modifier, Categories: Country, , All, 
Tag: change_liturgical_language_cost_modifier, Categories: Country, , All, 
Tag: invite_religious_figure_same_school_cost_modifier, Categories: Country, , All, 
Tag: invite_religious_figure_different_school_cost_modifier, Categories: Country, , All, 
Tag: dismiss_religious_figure_cost_modifier, Categories: Country, , All, 
Tag: propose_curia_action_cost_modifier, Categories: Country, , All, 
Tag: change_curia_vote_cost_modifier, Categories: Country, , All, 
Tag: invite_artist_cost_modifier, Categories: Country, , All, 
Tag: convert_religion_cost_modifier, Categories: Country, , All, 
Tag: policy_vote_cost_modifier, Categories: Country, , All, 
Tag: orthodox_synod_cost_modifier, Categories: Country, , All, 
Tag: periphora_cost_modifier, Categories: Country, , All, 
Tag: invite_patriarch_delegation_cost_modifier, Categories: Country, , All, 
Tag: canonize_cost_modifier, Categories: Country, , All, 
Tag: change_parliament_type_cost_modifier, Categories: Country, , All, 
Tag: change_organization_parliament_type_cost_modifier, Categories: Country, , All, 
Tag: add_accepted_culture_cost_modifier, Categories: Country, , All, 
Tag: remove_accepted_culture_cost_modifier, Categories: Country, , All, 
Tag: add_tolerated_culture_cost_modifier, Categories: Country, , All, 
Tag: remove_tolerated_culture_cost_modifier, Categories: Country, , All, 
Tag: accepted_culture_maintenance_cost_modifier, Categories: Country, , All, 
Tag: tolerated_culture_maintenance_cost_modifier, Categories: Country, , All, 
Tag: change_primary_culture_cost_modifier, Categories: Country, , All, 
Tag: settle_country_cost_modifier, Categories: Country, , All, 
Tag: extend_regency_cost_modifier, Categories: Country, , All, 
Tag: hire_privateer_cost_modifier, Categories: Country, , All, 
Tag: dismiss_privateer_cost_modifier, Categories: Country, , All, 
Tag: privateer_maintenance_cost_modifier, Categories: Country, , All, 
Tag: select_expensive_child_education_cost_modifier, Categories: Country, , All, 
Tag: deselect_expensive_child_education_cost_modifier, Categories: Country, , All, 
Tag: select_orthodox_education_cost_modifier, Categories: Country, , All, 
Tag: deselect_orthodox_education_cost_modifier, Categories: Country, , All, 
Tag: start_exploration_land_cost_modifier, Categories: Country, , All, 
Tag: start_exploration_sea_cost_modifier, Categories: Country, , All, 
Tag: recruit_explorer_cost_modifier, Categories: Country, , All, 
Tag: megalopolis_upgrade_cost_modifier, Categories: Country, , All, 
Tag: city_upgrade_cost_modifier, Categories: Country, , All, 
Tag: town_upgrade_cost_modifier, Categories: Country, , All, 
Tag: rural_settlement_upgrade_cost_modifier, Categories: Country, , All, 
Tag: rural_settlement_downgrade_cost_modifier, Categories: Country, , All, 
Tag: hre_army_building_cost_modifier, Categories: Country, , All, 
Tag: hre_imperial_armory_level, Categories: InternationalOrganization, , All, 
Tag: global_foreign_build_buildings_efficiency, Categories: Country, , All, 
Tag: small_estate_building_cost_modifier, Categories: Country, , All, 
Tag: expensive_estate_building_cost_modifier, Categories: Country, , All, 
Tag: orthodox_monastery_building_cost_modifier, Categories: Country, , All, 
Tag: miaphysite_monastery_building_cost_modifier, Categories: Country, , All, 
Tag: free_building_cost_modifier, Categories: Country, , All, 
Tag: remove_panaqa_early_cost_modifier, Categories: Country, , All, 
Tag: merchant_guild_chapel_price_cost_modifier, Categories: Country, , All, 
Tag: remove_lutheran_preacher_cost_modifier, Categories: Country, , All, 
Tag: army_light_infantry_build_cost_modifier, Categories: Country, , All, 
Tag: army_light_infantry_reinforce_cost_modifier, Categories: Country, , All, 
Tag: army_light_infantry_maintenance_cost_modifier, Categories: Country, , All, 
Tag: army_heavy_infantry_build_cost_modifier, Categories: Country, , All, 
Tag: army_heavy_infantry_reinforce_cost_modifier, Categories: Country, , All, 
Tag: army_heavy_infantry_maintenance_cost_modifier, Categories: Country, , All, 
Tag: army_light_cavalry_build_cost_modifier, Categories: Country, , All, 
Tag: army_heavy_cavalry_build_cost_modifier, Categories: Country, , All, 
Tag: army_artillery_build_cost_modifier, Categories: Country, , All, 
Tag: army_artillery_reinforce_cost_modifier, Categories: Country, , All, 
Tag: army_artillery_maintenance_cost_modifier, Categories: Country, , All, 
Tag: army_auxiliary_build_cost_modifier, Categories: Country, , All, 
Tag: army_auxiliary_reinforce_cost_modifier, Categories: Country, , All, 
Tag: army_auxiliary_maintenance_cost_modifier, Categories: Country, , All, 
Tag: navy_heavy_ship_reinforce_cost_modifier, Categories: Country, , All, 
Tag: navy_heavy_ship_maintenance_cost_modifier, Categories: Country, , All, 
Tag: navy_light_ship_reinforce_cost_modifier, Categories: Country, , All, 
Tag: navy_light_ship_maintenance_cost_modifier, Categories: Country, , All, 
Tag: navy_galley_build_cost_modifier, Categories: Country, , All, 
Tag: navy_galley_reinforce_cost_modifier, Categories: Country, , All, 
Tag: navy_galley_maintenance_cost_modifier, Categories: Country, , All, 
Tag: navy_transport_build_cost_modifier, Categories: Country, , All, 
Tag: navy_transport_reinforce_cost_modifier, Categories: Country, , All, 
Tag: navy_transport_maintenance_cost_modifier, Categories: Country, , All, 
Tag: subject_pays_vassal_cost_modifier, Categories: Country, , All, 
Tag: subject_pays_samanta_cost_modifier, Categories: Country, , All, 
Tag: subject_pays_maha_samanta_cost_modifier, Categories: Country, , All, 
Tag: subject_pays_pradhana_maha_samanta_cost_modifier, Categories: Country, , All, 
Tag: subject_pays_march_cost_modifier, Categories: Country, , All, 
Tag: hanseatic_member_cost_cost_modifier, Categories: Country, , All, 
Tag: subject_pays_trade_company_cost_modifier, Categories: Country, , All, 
Tag: subject_pays_pronoia_cost_modifier, Categories: Country, , All, 
Tag: rank_empire_upgrade_cost_modifier, Categories: Country, , All, 
Tag: rank_kingdom_upgrade_cost_modifier, Categories: Country, , All, 
Tag: rank_duchy_upgrade_cost_modifier, Categories: Country, , All, 
Tag: can_grant_town_rights, Categories: Country, , All, 
Tag: local_possible_town_rights, Categories: Location, , All, 
Tag: capital_possible_town_rights, Categories: Country, , All, 
Tag: allow_open_sea_exploration, Categories: Country, , All, 
Tag: may_explore, Categories: Country, , All, 
Tag: may_not_take_land_in_peace_treaties, Categories: Country, , All, 
Tag: exploration_maintenance_efficiency, Categories: Country, , All, 
Tag: exploration_mission_speed, Categories: Country, , All, 
Tag: exploration_mission_speed_modifier, Categories: Country, , All, 
Tag: exploration_preparation_time_modifier, Categories: Country, , All, 
Tag: character_mil_child_education, Categories: Character, , All, 
Tag: character_dip_child_education, Categories: Character, , All, 
Tag: character_adm_child_education, Categories: Character, , All, 
Tag: character_child_education, Categories: Character, , All, 
Tag: country_child_education, Categories: Country, , All, 
Tag: can_hire_privateers, Categories: Country, , All, 
Tag: allow_subjects, Categories: Country, , All, 
Tag: force_convert_created_subjects, Categories: Country, , All, 
Tag: disallow_migration_beyond_borders, Categories: Country, , All, 
Tag: disallow_diplomatic_subjugation, Categories: Country, , All, 
Tag: disallow_military_subjugation, Categories: Country, , All, 
Tag: has_cultural_maintenance, Categories: Country, , All, 
Tag: has_stability_investment, Categories: Country, , All, 
Tag: has_codified_laws, Categories: Country, , All, 
Tag: has_road_building, Categories: Country, , All, 
Tag: can_build_cities, Categories: Country, , All, 
Tag: can_host_olympiads, Categories: Country, , All, 
Tag: enable_taxation, Categories: Country, , All, 
Tag: privateer_durability, Categories: Country, , All, 
Tag: num_bailiffs, Categories: Country, , All, 
Tag: num_local_governors, Categories: Country, , All, 
Tag: num_naval_governors, Categories: Country, , All, 
Tag: election_term_in_months, Categories: Country, , All, 
Tag: subject_not_obligated_to_join_war, Categories: Country, , All, 
Tag: own_coast_naval_combat_bonus, Categories: Unit, , All, 
Tag: gender_equality, Categories: Country, , All, 
Tag: cultures_capacity, Categories: Country, , All, 
Tag: cultures_capacity_modifier, Categories: Country, , All, 
Tag: food_purchase_efficiency, Categories: Country, , All, 
Tag: diplomatic_annexation_efficiency, Categories: Country, , All, 
Tag: hostile_diplomatic_annexation_efficiency, Categories: Country, , All, 
Tag: merchant_maintenance_efficiency, Categories: Country, , All, 
Tag: monthly_reform_desire, Categories: Religion, , All, 
Tag: global_peasant_enfranchisment, Categories: Country, , All, 
Tag: local_peasant_enfranchisment, Categories: Location, , All, 
Tag: global_max_rgo_size_modifier, Categories: Country, , All, 
Tag: local_max_rgo_size_modifier, Categories: Location, , All, 
Tag: global_max_rgo_size_modifier_in_rural, Categories: Country, , All, 
Tag: global_max_rgo_size_modifier_in_non_rural, Categories: Country, , All, 
Tag: local_max_rgo_size, Categories: Location, , All, 
Tag: gives_cardinal, Categories: Location, , All, 
Tag: blocked_from_cabinet, Categories: Character, , All, 
Tag: cannot_be_removed_from_from_cabinet, Categories: Character, , All, 
Tag: monthly_religious_influence, Categories: Country, , All, 
Tag: monthly_purity, Categories: Country, , All, 
Tag: monthly_honor, Categories: Country, , All, 
Tag: monthly_yanantin, Categories: Country, , All, 
Tag: monthly_complacency, Categories: Country, , All, 
Tag: has_complacency_effects, Categories: Country, , All, 
Tag: allow_righteousness, Categories: Country, , All, 
Tag: monthly_righteousness, Categories: Country, , All, 
Tag: allow_harmony, Categories: Country, , All, 
Tag: harmony_stability, Categories: Country, , All, 
Tag: monthly_harmony, Categories: Country, , All, 
Tag: allow_self_control, Categories: Country, , All, 
Tag: monthly_self_control, Categories: Country, , All, 
Tag: allow_smartism_gods, Categories: Country, , All, 
Tag: monthly_doom, Categories: Country, , All, 
Tag: monthly_karma, Categories: Country, , All, 
Tag: monthly_karma_decay, Categories: Country, , All, 
Tag: number_of_allowed_religious_figures, Categories: Country, , All, 
Tag: number_of_allowed_avatars, Categories: Country, , All, 
Tag: tax_income_efficiency, Categories: Country, , All, 
Tag: global_sailors_modifier, Categories: Country, , All, 
Tag: global_manpower_modifier, Categories: Country, , All, 
Tag: max_sailors, Categories: Country, , All, 
Tag: max_manpower, Categories: Country, , All, 
Tag: local_sailors_modifier, Categories: Location, , All, 
Tag: local_manpower_modifier, Categories: Location, , All, 
Tag: free_building_levels, Categories: Location, , All, 
Tag: global_build_buildings_efficiency, Categories: Country, , All, 
Tag: global_fort_build_buildings_efficiency, Categories: Country, , All, 
Tag: global_port_build_buildings_efficiency, Categories: Country, , All, 
Tag: local_port_build_buildings_efficiency, Categories: Location, , All, 
Tag: global_urban_build_buildings_efficiency, Categories: Country, , All, 
Tag: global_rural_build_buildings_efficiency, Categories: Country, , All, 
Tag: global_mills_build_buildings_efficiency, Categories: Country, , All, 
Tag: local_mills_build_buildings_efficiency, Categories: Location, , All, 
Tag: local_build_buildings_efficiency, Categories: Location, , All, 
Tag: local_build_new_buildings_efficiency, Categories: Location, , All, 
Tag: combined_arms_max_threshold, Categories: Unit, , All, 
Tag: combined_arms_min_percent_for_bonus, Categories: Unit, , All, 
Tag: combined_bonus_per_type, Categories: Unit, , All, 
Tag: army_weight_modifier, Categories: Unit, , All, 
Tag: navy_weight_modifier, Categories: Unit, , All, 
Tag: monthly_experience_gain, Categories: Unit, , All, 
Tag: experience_decay, Categories: Unit, , All, 
Tag: land_morale, Categories: Unit, , All, 
Tag: land_morale_modifier, Categories: Unit, , All, 
Tag: naval_morale, Categories: Unit, , All, 
Tag: naval_morale_modifier, Categories: Unit, , All, 
Tag: max_war_exhaustion, Categories: Country, , All, 
Tag: force_army_maintenance, Categories: Unit, , All, 
Tag: army_maintenance_efficiency, Categories: Unit, , All, 
Tag: navy_maintenance_efficiency, Categories: Unit, , All, 
Tag: mercenary_maintenance_efficiency, Categories: Country, , All, 
Tag: army_reinforce_efficiency, Categories: Unit, , All, 
Tag: navy_repair_efficiency, Categories: Unit, , All, 
Tag: land_morale_attrition_cost, Categories: Unit, , All, 
Tag: naval_morale_attrition_cost, Categories: Unit, , All, 
Tag: land_morale_movement_cost, Categories: Unit, , All, 
Tag: naval_morale_movement_cost, Categories: Unit, , All, 
Tag: morale_recovery_in_friendly, Categories: Unit, , All, 
Tag: land_morale_recovery, Categories: Unit, , All, 
Tag: naval_morale_recovery, Categories: Unit, , All, 
Tag: land_unit_attrition, Categories: Unit, , All, 
Tag: naval_unit_attrition, Categories: Unit, , All, 
Tag: movement_cost, Categories: Location, , All, 
Tag: hostile_movement_cost, Categories: Location, , All, 
Tag: friendly_movement_cost, Categories: Location, , All, 
Tag: army_movement_speed, Categories: Unit, , All, 
Tag: army_disembark_speed, Categories: Unit, , All, 
Tag: navy_movement_speed, Categories: Unit, , All, 
Tag: movement_speed_if_no_road, Categories: Unit, , All, 
Tag: fort_level, Categories: Location, , All, 
Tag: minimum_fort_level, Categories: Location, , All, 
Tag: ignore_zone_of_control, Categories: Country, , All, 
Tag: propagating_zone_of_control, Categories: Location, , All, 
Tag: regiment_reinforcement_speed, Categories: Unit, , All, 
Tag: local_repair_speed, Categories: Location, , All, 
Tag: ship_repair_at_sea, Categories: Unit, , All, 
Tag: ship_repair_at_sea_to_max_strength, Categories: Unit, , All, 
Tag: cultural_tradition, Categories: Country, , All, 
Tag: cultural_tradition_modifier, Categories: Country, , All, 
Tag: local_cultural_tradition, Categories: Location, , All, 
Tag: cultural_influence, Categories: Country, , All, 
Tag: cultural_influence_modifier, Categories: Country, , All, 
Tag: local_cultural_influence, Categories: Location, , All, 
Tag: stability_investment, Categories: Country, , All, 
Tag: stability_decay, Categories: Country, , All, 
Tag: monthly_war_exhaustion, Categories: Country, , All, 
Tag: monthly_inflation, Categories: Country, , All, 
Tag: local_pop_promotion_speed_scaled, Categories: Location, , All, 
Tag: local_pop_promotion_speed, Categories: Location, , All, 
Tag: global_pop_promotion_speed, Categories: Country, , All, 
Tag: local_pop_promotion_speed_modifier, Categories: Location, , All, 
Tag: global_pop_promotion_speed_modifier, Categories: Country, , All, 
Tag: local_pop_demotion_speed, Categories: Location, , All, 
Tag: global_pop_demotion_speed, Categories: Country, , All, 
Tag: local_pop_demotion_speed_modifier, Categories: Location, , All, 
Tag: global_pop_demotion_speed_modifier, Categories: Country, , All, 
Tag: local_migration_attraction, Categories: Location, , All, 
Tag: local_migration_speed, Categories: Location, , All, 
Tag: global_migration_speed, Categories: Country, , All, 
Tag: local_migration_speed_modifier, Categories: Location, , All, 
Tag: global_migration_speed_modifier, Categories: Country, , All, 
Tag: local_pop_conversion_speed, Categories: Location, , All, 
Tag: global_pop_conversion_speed, Categories: Country, , All, 
Tag: local_pop_conversion_speed_modifier, Categories: Location, , All, 
Tag: global_pop_conversion_speed_modifier, Categories: Country, , All, 
Tag: global_heretic_pop_conversion_speed_modifier, Categories: Country, , All, 
Tag: local_heretic_pop_conversion_speed_modifier, Categories: Location, , All, 
Tag: global_heathen_pop_conversion_speed_modifier, Categories: Country, , All, 
Tag: local_heathen_pop_conversion_speed_modifier, Categories: Location, , All, 
Tag: local_pop_assimilation_speed, Categories: Location, , All, 
Tag: global_pop_assimilation_speed, Categories: Country, , All, 
Tag: local_pop_assimilation_speed_modifier, Categories: Location, , All, 
Tag: global_pop_assimilation_speed_modifier, Categories: Country, , All, 
Tag: local_raw_material_output, Categories: Location, , All, 
Tag: global_raw_material_output, Categories: Country, , All, 
Tag: raw_material_in_province_impact, Categories: Country, , All, 
Tag: local_monthly_prosperity, Categories: Location, , All, 
Tag: local_monthly_development, Categories: Location, , All, 
Tag: global_monthly_prosperity, Categories: Country, , All, 
Tag: global_non_rural_monthly_prosperity, Categories: Country, , All, 
Tag: global_monthly_development, Categories: Country, , All, 
Tag: global_non_rural_monthly_development, Categories: Country, , All, 
Tag: power_projection, Categories: Country, , All, 
Tag: local_max_control, Categories: Location, , All, 
Tag: global_max_control, Categories: Country, , All, 
Tag: local_max_rural_control, Categories: Location, , All, 
Tag: global_max_rural_control, Categories: Country, , All, 
Tag: local_max_urban_control, Categories: Location, , All, 
Tag: global_max_urban_control, Categories: Country, , All, 
Tag: local_monthly_control, Categories: Location, , All, 
Tag: global_monthly_control, Categories: Country, , All, 
Tag: local_monthly_rural_control, Categories: Location, , All, 
Tag: global_monthly_rural_control, Categories: Country, , All, 
Tag: local_monthly_urban_control, Categories: Location, , All, 
Tag: global_monthly_urban_control, Categories: Country, , All, 
Tag: local_monthly_control_decline, Categories: Location, , All, 
Tag: global_monthly_control_decline, Categories: Country, , All, 
Tag: local_rgo_build_time, Categories: Location, , All, 
Tag: global_rgo_build_time, Categories: Country, , All, 
Tag: lack_of_control_impact_on_warscore, Categories: Country, , All, 
Tag: building_owner_maritime_presence, Categories: Location, , All, 
Tag: local_maritime_presence, Categories: Location, , All, 
Tag: global_maritime_presence_modifier, Categories: Unit, , All, 
Tag: global_maritime_presence_decay, Categories: Country, , All, 
Tag: port_cost_distance_from_capital, Categories: Country, , All, 
Tag: sea_cost_on_distance_from_capital_when_maritime, Categories: Country, , All, 
Tag: sea_cost_on_distance_from_capital, Categories: Country, , All, 
Tag: road_cost_on_distance_from_capital, Categories: Country, , All, 
Tag: land_cost_on_distance_from_capital, Categories: Country, , All, 
Tag: land_cost_on_distance_from_capital_speed_propagation, Categories: Country, , All, 
Tag: land_cost_going_upstream, Categories: Country, , All, 
Tag: land_cost_going_downstream, Categories: Country, , All, 
Tag: land_cost_on_frozen_water, Categories: Country, , All, 
Tag: grant_town_rights_cost_modifier, Categories: Country, , All, 
Tag: revoke_town_rights_cost_modifier, Categories: Country, , All, 
Tag: p_building_age_1_traditions_cost_modifier, Categories: Country, , All, 
Tag: p_building_age_2_renaissance_cost_modifier, Categories: Country, , All, 
Tag: p_building_age_3_discovery_cost_modifier, Categories: Country, , All, 
Tag: p_building_age_4_reformation_cost_modifier, Categories: Country, , All, 
Tag: p_building_age_5_absolutism_cost_modifier, Categories: Country, , All, 
Tag: p_building_age_6_revolutions_cost_modifier, Categories: Country, , All, 
Tag: p_expensive_building_age_1_traditions_cost_modifier, Categories: Country, , All, 
Tag: p_expensive_building_age_2_renaissance_cost_modifier, Categories: Country, , All, 
Tag: p_expensive_building_age_3_discovery_cost_modifier, Categories: Country, , All, 
Tag: p_expensive_building_age_4_reformation_cost_modifier, Categories: Country, , All, 
Tag: p_expensive_building_age_5_absolutism_cost_modifier, Categories: Country, , All, 
Tag: p_expensive_building_age_6_revolutions_cost_modifier, Categories: Country, , All, 
Tag: global_distance_from_capital_speed_propagation, Categories: Country, , All, 
Tag: local_distance_from_capital_speed_propagation, Categories: Location, , All, 
Tag: local_port_cost_distance_impact, Categories: Location, , All, 
Tag: local_proximity_source, Categories: Location, , All, 
Tag: local_road_building_time, Categories: Location, , All, 
Tag: global_road_building_time, Categories: Country, , All, 
Tag: local_manpower, Categories: Location, , All, 
Tag: local_sailors, Categories: Location, , All, 
Tag: local_population_growth, Categories: Location, , All, 
Tag: cap_maximum_population_growth_at_zero, Categories: Location, , All, 
Tag: global_population_growth, Categories: Country, , All, 
Tag: local_population_capacity, Categories: Location, , All, 
Tag: local_population_capacity_modifier, Categories: Location, , All, 
Tag: global_population_capacity_modifier, Categories: Country, , All, 
Tag: total_population_capacity_modifier, Categories: Location, , All, 
Tag: local_food_capacity, Categories: Location, , All, 
Tag: global_food_capacity, Categories: Country, , All, 
Tag: local_food_capacity_modifier, Categories: Location, , All, 
Tag: global_food_capacity_modifier, Categories: Country, , All, 
Tag: local_monthly_food, Categories: Location, , All, 
Tag: local_monthly_food_modifier, Categories: Location, , All, 
Tag: global_monthly_food_modifier, Categories: Country, , All, 
Tag: hostile_food_multiplier, Categories: Location, , All, 
Tag: local_navy_attrition, Categories: Location, , All, 
Tag: local_army_attrition, Categories: Location, , All, 
Tag: local_forced_attrition, Categories: Location, , All, 
Tag: local_hostile_attrition, Categories: Location, , All, 
Tag: global_hostile_attrition, Categories: Country, , All, 
Tag: hostile_fleet_attrition, Categories: Location, , All, 
Tag: max_attrition, Categories: Location, , All, 
Tag: supply_limit, Categories: Location, , All, 
Tag: local_supply_limit_modifier, Categories: Location, , All, 
Tag: global_supply_limit_modifier, Categories: Country, , All, 
Tag: bank_interest, Categories: Country, , All, 
Tag: bond_interest, Categories: Country, , All, 
Tag: max_bonds, Categories: Country, , All, 
Tag: max_bonds_modifier, Categories: Country, , All, 
Tag: bond_size_modifier, Categories: Country, , All, 
Tag: can_sell_bonds, Categories: Country, , All, 
Tag: creditworthiness_bonus, Categories: Country, , All, 
Tag: monthly_creditworthiness_change, Categories: Country, , All, 
Tag: merchant_power_from_maritime, Categories: Country, , All, 
Tag: merchant_power_from_maritime_modifier, Categories: Country, , All, 
Tag: merchant_power_from_building, Categories: Location, , All, 
Tag: local_merchant_power, Categories: Location, , All, 
Tag: local_merchant_capacity, Categories: Location, , All, 
Tag: local_merchant_capacity_modifier, Categories: Location, , All, 
Tag: merchant_capacity_from_building, Categories: Location, , All, 
Tag: global_merchant_capacity_modifier, Categories: Country, , All, 
Tag: local_market_access, Categories: Location, , All, 
Tag: monthly_prestige, Categories: Country, , All, 
Tag: monthly_rite_power, Categories: Country, , All, 
Tag: monthly_gold_income, Categories: Country, , All, 
Tag: monthly_gold_expense, Categories: Country, , All, 
Tag: prestige_decay, Categories: Country, , All, 
Tag: character_fertility, Categories: Character, , All, 
Tag: adm, Categories: Character, , All, 
Tag: dip, Categories: Character, , All, 
Tag: mil, Categories: Character, , All, 
Tag: global_garrison_growth, Categories: Country, , All, 
Tag: local_garrison_growth, Categories: Location, , All, 
Tag: global_garrison_size_modifier, Categories: Country, , All, 
Tag: local_garrison_size, Categories: Location, , All, 
Tag: global_defensive, Categories: Country, , All, 
Tag: local_defensive, Categories: Location, , All, 
Tag: occupation_time, Categories: Location, , All, 
Tag: max_siege_memory, Categories: Location, , All, 
Tag: retreat_delay, Categories: Country, , All, 
Tag: siege_ability, Categories: Unit, , All, 
Tag: assault_ability, Categories: Unit, , All, 
Tag: naval_damage_done, Categories: Unit, , All, 
Tag: naval_damage_taken, Categories: Unit, , All, 
Tag: discipline, Categories: Unit, , All, 
Tag: military_tactics, Categories: Unit, , All, 
Tag: commander_combat_bonus, Categories: Unit, , All, 
Tag: ship_capture_chance, Categories: Country, , All, 
Tag: blockade_force_required, Categories: Location, , All, 
Tag: blockade_efficiency, Categories: Unit, , All, 
Tag: monthly_army_tradition, Categories: Country, , All, 
Tag: army_tradition_decay, Categories: Country, , All, 
Tag: monthly_navy_tradition, Categories: Country, , All, 
Tag: navy_tradition_decay, Categories: Country, , All, 
Tag: expected_army_size, Categories: Country, , All, 
Tag: expected_army_size_modifier, Categories: Country, , All, 
Tag: expected_navy_size, Categories: Country, , All, 
Tag: expected_navy_size_modifier, Categories: Country, , All, 
Tag: local_frontage_allowed, Categories: Location, , All, 
Tag: move_to_assist_on_adjacent_combat, Categories: Unit, , All, 
Tag: movement_speed_when_attached_to_another_unit, Categories: Unit, , All, 
Tag: possible_frontage_modifier, Categories: Unit, , All, 
Tag: army_initiative, Categories: Unit, , All, 
Tag: navy_initiative, Categories: Unit, , All, 
Tag: combat_speed_modifier, Categories: Unit, , All, 
Tag: food_consumption_modifier, Categories: Unit, , All, 
Tag: artillery_bonus_vs_fort, Categories: Country, , All, 
Tag: research_speed, Categories: Country, , All, 
Tag: research_speed_modifier, Categories: Country, , All, 
Tag: local_monthly_literacy, Categories: Location, , All, 
Tag: global_monthly_literacy, Categories: Country, , All, 
Tag: local_max_literacy, Categories: Location, , All, 
Tag: global_max_literacy, Categories: Country, , All, 
Tag: institution_growth, Categories: Country, , All, 
Tag: local_institution_growth_modifier, Categories: Location, , All, 
Tag: global_institution_growth_modifier, Categories: Country, , All, 
Tag: promote_institution_chance, Categories: Location, , All, 
Tag: estate_enrichment, Categories: Country, , All, 
Tag: supply_depot_capacity, Categories: Country, , All, 
Tag: annexation_speed_base, Categories: Country, , All, 
Tag: annexation_speed_modifier, Categories: Country, , All, 
Tag: province_integration_speed, Categories: Province, , All, 
Tag: local_integration_speed, Categories: Location, , All, 
Tag: local_integration_speed_modifier, Categories: Location, , All, 
Tag: global_integration_speed_modifier, Categories: Country, , All, 
Tag: government_reform_slots, Categories: Country, , All, 
Tag: omens_offered, Categories: Country, , All, 
Tag: omen_time_modifier, Categories: Country, , All, 
Tag: omen_strength_modifier, Categories: Country, , All, 
Tag: government_size, Categories: Country, , All, 
Tag: num_possible_artists, Categories: Country, , All, 
Tag: artist_salary_modifier, Categories: Country, , All, 
Tag: artist_salary_modifier_on_character, Categories: Character, , All, 
Tag: art_creation_speed, Categories: Character, , All, 
Tag: artist_impact, Categories: Character, , All, 
Tag: work_of_art_quality_modifier, Categories: Character, , All, 
Tag: work_of_art_sell_value_modifier, Categories: Country, , All, 
Tag: artist_skill_level_gain, Categories: Character, , All, 
Tag: skill_of_new_artists, Categories: Country, , All, 
Tag: global_monthly_art_start_chance, Categories: Country, , All, 
Tag: artist_monthly_start_chance, Categories: Character, , All, 
Tag: global_merchant_power, Categories: Country, , All, 
Tag: monthly_legitimacy, Categories: Country, , All, 
Tag: monthly_republican_tradition, Categories: Country, , All, 
Tag: monthly_devotion, Categories: Country, , All, 
Tag: monthly_horde_unity, Categories: Country, , All, 
Tag: monthly_tribal_cohesion, Categories: Country, , All, 
Tag: character_cabinet_efficiency, Categories: Character, , All, 
Tag: cabinet_trait_impact_modifier, Categories: Character, , All, 
Tag: country_cabinet_efficiency, Categories: Country, , All, 
Tag: subject_loyalty, Categories: Country, , All, 
Tag: loyalty_to_overlord, Categories: Country, , All, 
Tag: care_about_producing_heirs, Categories: Country, , All, 
Tag: prevented_from_changing_court_language_by_overlord, Categories: Country, , All, 
Tag: diplomatic_range, Categories: Country, , All, 
Tag: diplomatic_range_modifier, Categories: Country, , All, 
Tag: improve_relation_impact, Categories: Country, , All, 
Tag: casus_belli_creation_speed, Categories: Country, , All, 
Tag: casus_belli_creation_speed_modifier, Categories: Country, , All, 
Tag: subject_opinions, Categories: Country, , All, 
Tag: pop_countries_opinions, Categories: Country, , All, 
Tag: antagonism_received_modifier, Categories: Country, , All, 
Tag: antagonism_culture_influence, Categories: Country, , All, 
Tag: antagonism_societal_value_influence, Categories: Country, , All, 
Tag: antagonism_religion_influence, Categories: Country, , All, 
Tag: antagonism_government_type_influence, Categories: Country, , All, 
Tag: antagonism_revolution_influence, Categories: Country, , All, 
Tag: antagonism_language_influence, Categories: Country, , All, 
Tag: antagonism_peace_treaty_demands_giving_modifier, Categories: Country, , All, 
Tag: antagonism_taking_land_giving_modifier, Categories: Country, , All, 
Tag: antagonism_breaking_truce_giving_modifier, Categories: Country, , All, 
Tag: antagonism_declared_war_no_cb_giving_modifier, Categories: Country, , All, 
Tag: antagonism_monthly_change_modifier, Categories: Country, , All, 
Tag: antagonism_development_impact, Categories: Country, , All, 
Tag: global_war_score_efficiency, Categories: Country, , All, 
Tag: war_score_vs_other_religion_efficiency, Categories: Country, , All, 
Tag: local_war_score_efficiency, Categories: Location, , All, 
Tag: block_tribal_promotion, Categories: Country, , All, 
Tag: global_tribal_promotion, Categories: Country, , All, 
Tag: local_tribal_promotion, Categories: Location, , All, 
Tag: enslave_tribals, Categories: Country, , All, 
Tag: expel_tribals, Categories: Country, , All, 
Tag: make_tribals_peasants, Categories: Country, , All, 
Tag: subject_income_modifier, Categories: Country, , All, 
Tag: payment_to_overlord_modifier, Categories: Country, , All, 
Tag: diplomatic_reputation, Categories: Country, , All, 
Tag: diplomatic_capacity, Categories: Country, , All, 
Tag: diplomatic_capacity_modifier, Categories: Country, , All, 
Tag: max_diplomats, Categories: Country, , All, 
Tag: monthly_diplomats, Categories: Country, , All, 
Tag: alliance_weight, Categories: Country, , All, 
Tag: union_weight, Categories: Country, , All, 
Tag: counter_espionage, Categories: Country, , All, 
Tag: spy_network_construction, Categories: Country, , All, 
Tag: naval_range, Categories: Country, , All, 
Tag: naval_range_modifier, Categories: Country, , All, 
Tag: colonial_range, Categories: Country, , All, 
Tag: colonial_range_modifier, Categories: Country, , All, 
Tag: blocked_from_forming_countries, Categories: Country, , All, 
Tag: ignore_same_religion_colonial_claim, Categories: Country, , All, 
Tag: army_tradition_from_battle, Categories: Country, , All, 
Tag: navy_tradition_from_battle, Categories: Country, , All, 
Tag: prestige_from_land_battle, Categories: Country, , All, 
Tag: prestige_from_naval_battle, Categories: Country, , All, 
Tag: wrong_culture_levy_size, Categories: Country, , All, 
Tag: local_levy_size_modifier, Categories: Location, , All, 
Tag: global_levy_size_modifier, Categories: Country, , All, 
Tag: levy_recovery_modifier, Categories: Unit, , All, 
Tag: levy_combat_efficiency_modifier, Categories: Unit, , All, 
Tag: levy_maintenance_modifier, Categories: Country, , All, 
Tag: local_army_levy_size_modifier, Categories: Location, , All, 
Tag: global_army_levy_size_modifier, Categories: Country, , All, 
Tag: local_navy_levy_size_modifier, Categories: Location, , All, 
Tag: global_navy_levy_size_modifier, Categories: Country, , All, 
Tag: local_levy_recruitment_speed_modifier, Categories: Location, , All, 
Tag: global_levy_recruitment_speed_modifier, Categories: Country, , All, 
Tag: regiment_recruit_speed, Categories: Country, , All, 
Tag: ship_build_speed, Categories: Country, , All, 
Tag: local_ship_build_speed, Categories: Location, , All, 
Tag: max_ships_built_at_same_time, Categories: Location, , All, 
Tag: max_regiments_trained_at_same_time, Categories: Location, , All, 
Tag: max_constructions_at_same_time, Categories: Location, , All, 
Tag: selling_efficiency, Categories: Country, , All, 
Tag: export_efficiency, Categories: Country, , All, 
Tag: import_efficiency, Categories: Country, , All, 
Tag: trade_income, Categories: Country, , All, 
Tag: local_production_efficiency, Categories: Location, , All, 
Tag: global_production_efficiency, Categories: Country, , All, 
Tag: local_building_establishment_speed, Categories: Location, , All, 
Tag: local_building_establishment_reduction, Categories: Location, , All, 
Tag: global_building_establishment_speed, Categories: Country, , All, 
Tag: hostile_disembark_time_modifier, Categories: Location, , All, 
Tag: friendly_disembark_time_modifier, Categories: Location, , All, 
Tag: natural_harbor_suitability, Categories: Location, , All, 
Tag: harbor_suitability, Categories: Location, , All, 
Tag: colonial_migration_size, Categories: Country, , All, 
Tag: colonial_migration_size_modifier, Categories: Country, , All, 
Tag: colonial_maintenance_efficiency, Categories: Country, , All, 
Tag: building_missionary_effort_scaled, Categories: Location, , All, 
Tag: building_missionary_effort, Categories: Location, , All, 
Tag: building_missionary_effort_modifier, Categories: Country, , All, 
Tag: building_enslavement_power, Categories: Location, , All, 
Tag: local_monthly_development_modifier, Categories: Location, , All, 
Tag: local_trade_center_power, Categories: Location, , All, 
Tag: global_trade_center_power, Categories: Country, , All, 
Tag: local_trade_protection_factor, Categories: Location, , All, 
Tag: global_trade_protection_factor, Categories: Country, , All, 
Tag: court_spending_efficiency, Categories: Country, , All, 
Tag: diplomatic_spending_cost, Categories: Country, , All, 
Tag: stability_cost_efficiency, Categories: Country, , All, 
Tag: local_unrest, Categories: Location, , All, 
Tag: local_crown_estate_unrest, Categories: Location, , All, 
Tag: local_nobles_estate_unrest, Categories: Location, , All, 
Tag: local_clergy_estate_unrest, Categories: Location, , All, 
Tag: local_burghers_estate_unrest, Categories: Location, , All, 
Tag: local_peasants_estate_unrest, Categories: Location, , All, 
Tag: local_dhimmi_estate_unrest, Categories: Location, , All, 
Tag: local_tribes_estate_unrest, Categories: Location, , All, 
Tag: local_cossacks_estate_unrest, Categories: Location, , All, 
Tag: win_war_chance_threshold, Categories: Country, , All, 
Tag: win_war_chance_lower_limit, Categories: Country, , All, 
Tag: unintegrated_land_expansion_penalty_modifier, Categories: Country, , All, 
Tag: war_declaration_stab_hit_tolerance, Categories: Country, , All, 
Tag: war_declaration_war_exhaustion_tolerance, Categories: Country, , All, 
Tag: local_separatism, Categories: Location, , All, 
Tag: global_separatism, Categories: Country, , All, 
Tag: tolerance_own, Categories: Country, , All, 
Tag: tolerance_heretic, Categories: Country, , All, 
Tag: tolerance_heathen, Categories: Country, , All, 
Tag: monthly_rebel_growth, Categories: Country, , All, 
Tag: monthly_nationalist_rebel_growth, Categories: Country, , All, 
Tag: monthly_religious_rebel_growth, Categories: Country, , All, 
Tag: monthly_pretender_rebel_growth, Categories: Country, , All, 
Tag: monthly_slave_rebel_growth, Categories: Country, , All, 
Tag: monthly_crown_estate_rebel_growth, Categories: Country, , All, 
Tag: monthly_nobles_estate_rebel_growth, Categories: Country, , All, 
Tag: monthly_clergy_estate_rebel_growth, Categories: Country, , All, 
Tag: monthly_burghers_estate_rebel_growth, Categories: Country, , All, 
Tag: monthly_peasants_estate_rebel_growth, Categories: Country, , All, 
Tag: monthly_dhimmi_estate_rebel_growth, Categories: Country, , All, 
Tag: monthly_tribes_estate_rebel_growth, Categories: Country, , All, 
Tag: monthly_cossacks_estate_rebel_growth, Categories: Country, , All, 
Tag: fort_limit, Categories: Country, , All, 
Tag: fort_limit_modifier, Categories: Country, , All, 
Tag: fort_maintenance_efficiency, Categories: Country, , All, 
Tag: local_fort_maintenance_efficiency, Categories: Location, , All, 
Tag: local_pop_join_rebel_threshold, Categories: Location, , All, 
Tag: pop_join_rebel_threshold, Categories: Country, , All, 
Tag: local_pop_leave_rebels_threshold, Categories: Location, , All, 
Tag: pop_leave_rebels_threshold, Categories: Country, , All, 
Tag: allow_slave_conversion, Categories: Country, , All, 
Tag: unemployed_slave_promotion, Categories: Country, , All, 
Tag: can_extract_horses, Categories: Country, , All, 
Tag: can_extract_clay, Categories: Country, , All, 
Tag: can_extract_sand, Categories: Country, , All, 
Tag: can_extract_coal, Categories: Country, , All, 
Tag: can_extract_iron, Categories: Country, , All, 
Tag: can_extract_copper, Categories: Country, , All, 
Tag: can_extract_goods_gold, Categories: Country, , All, 
Tag: can_extract_silver, Categories: Country, , All, 
Tag: can_extract_stone, Categories: Country, , All, 
Tag: can_extract_tin, Categories: Country, , All, 
Tag: can_extract_lead, Categories: Country, , All, 
Tag: can_extract_silk, Categories: Country, , All, 
Tag: can_extract_dyes, Categories: Country, , All, 
Tag: can_extract_incense, Categories: Country, , All, 
Tag: can_extract_tea, Categories: Country, , All, 
Tag: can_extract_cocoa, Categories: Country, , All, 
Tag: can_extract_coffee, Categories: Country, , All, 
Tag: can_extract_fiber_crops, Categories: Country, , All, 
Tag: can_extract_ivory, Categories: Country, , All, 
Tag: can_extract_fur, Categories: Country, , All, 
Tag: can_extract_lumber, Categories: Country, , All, 
Tag: can_extract_salt, Categories: Country, , All, 
Tag: can_extract_medicaments, Categories: Country, , All, 
Tag: can_extract_gems, Categories: Country, , All, 
Tag: can_extract_pearls, Categories: Country, , All, 
Tag: can_extract_amber, Categories: Country, , All, 
Tag: can_extract_saltpeter, Categories: Country, , All, 
Tag: can_extract_alum, Categories: Country, , All, 
Tag: can_extract_wine, Categories: Country, , All, 
Tag: can_extract_elephants, Categories: Country, , All, 
Tag: can_extract_marble, Categories: Country, , All, 
Tag: can_extract_mercury, Categories: Country, , All, 
Tag: can_extract_cotton, Categories: Country, , All, 
Tag: can_extract_sugar, Categories: Country, , All, 
Tag: can_extract_tobacco, Categories: Country, , All, 
Tag: can_extract_tar, Categories: Country, , All, 
Tag: can_extract_porcelain, Categories: Country, , All, 
Tag: can_extract_naval_supplies, Categories: Country, , All, 
Tag: can_extract_firearms, Categories: Country, , All, 
Tag: can_extract_cannons, Categories: Country, , All, 
Tag: can_extract_weaponry, Categories: Country, , All, 
Tag: can_extract_glass, Categories: Country, , All, 
Tag: can_extract_steel, Categories: Country, , All, 
Tag: can_extract_cloth, Categories: Country, , All, 
Tag: can_extract_fine_cloth, Categories: Country, , All, 
Tag: can_extract_liquor, Categories: Country, , All, 
Tag: can_extract_beer, Categories: Country, , All, 
Tag: can_extract_paper, Categories: Country, , All, 
Tag: can_extract_books, Categories: Country, , All, 
Tag: can_extract_jewelry, Categories: Country, , All, 
Tag: can_extract_leather, Categories: Country, , All, 
Tag: can_extract_tools, Categories: Country, , All, 
Tag: can_extract_masonry, Categories: Country, , All, 
Tag: can_extract_lacquerware, Categories: Country, , All, 
Tag: can_extract_wool, Categories: Country, , All, 
Tag: can_extract_wild_game, Categories: Country, , All, 
Tag: can_extract_fish, Categories: Country, , All, 
Tag: can_extract_wheat, Categories: Country, , All, 
Tag: can_extract_maize, Categories: Country, , All, 
Tag: can_extract_rice, Categories: Country, , All, 
Tag: can_extract_millet, Categories: Country, , All, 
Tag: can_extract_legumes, Categories: Country, , All, 
Tag: can_extract_potato, Categories: Country, , All, 
Tag: can_extract_livestock, Categories: Country, , All, 
Tag: can_extract_olives, Categories: Country, , All, 
Tag: can_extract_fruit, Categories: Country, , All, 
Tag: can_extract_slaves_goods, Categories: Country, , All, 
Tag: can_extract_cloves, Categories: Country, , All, 
Tag: can_extract_pepper, Categories: Country, , All, 
Tag: can_extract_saffron, Categories: Country, , All, 
Tag: can_extract_beeswax, Categories: Country, , All, 
Tag: can_extract_chili, Categories: Country, , All, 
Tag: can_extract_pottery, Categories: Country, , All, 
Tag: can_extract_furniture, Categories: Country, , All, 
Tag: ban_exports_of_cotton, Categories: Country, , All, 
Tag: ban_exports_of_sugar, Categories: Country, , All, 
Tag: ban_exports_of_tobacco, Categories: Country, , All, 
Tag: ban_exports_of_horses, Categories: Country, , All, 
Tag: ban_exports_of_clay, Categories: Country, , All, 
Tag: ban_exports_of_sand, Categories: Country, , All, 
Tag: ban_exports_of_coal, Categories: Country, , All, 
Tag: ban_exports_of_iron, Categories: Country, , All, 
Tag: ban_exports_of_copper, Categories: Country, , All, 
Tag: ban_exports_of_goods_gold, Categories: Country, , All, 
Tag: ban_exports_of_silver, Categories: Country, , All, 
Tag: ban_exports_of_stone, Categories: Country, , All, 
Tag: ban_exports_of_tin, Categories: Country, , All, 
Tag: ban_exports_of_lead, Categories: Country, , All, 
Tag: ban_exports_of_wool, Categories: Country, , All, 
Tag: ban_exports_of_silk, Categories: Country, , All, 
Tag: ban_exports_of_dyes, Categories: Country, , All, 
Tag: ban_exports_of_incense, Categories: Country, , All, 
Tag: ban_exports_of_tea, Categories: Country, , All, 
Tag: ban_exports_of_cocoa, Categories: Country, , All, 
Tag: ban_exports_of_coffee, Categories: Country, , All, 
Tag: ban_exports_of_fiber_crops, Categories: Country, , All, 
Tag: ban_exports_of_ivory, Categories: Country, , All, 
Tag: ban_exports_of_fur, Categories: Country, , All, 
Tag: ban_exports_of_lumber, Categories: Country, , All, 
Tag: ban_exports_of_salt, Categories: Country, , All, 
Tag: ban_exports_of_medicaments, Categories: Country, , All, 
Tag: ban_exports_of_gems, Categories: Country, , All, 
Tag: ban_exports_of_pearls, Categories: Country, , All, 
Tag: ban_exports_of_amber, Categories: Country, , All, 
Tag: ban_exports_of_saltpeter, Categories: Country, , All, 
Tag: ban_exports_of_alum, Categories: Country, , All, 
Tag: ban_exports_of_wine, Categories: Country, , All, 
Tag: ban_exports_of_elephants, Categories: Country, , All, 
Tag: ban_exports_of_slaves_goods, Categories: Country, , All, 
Tag: ban_exports_of_wild_game, Categories: Country, , All, 
Tag: ban_exports_of_fish, Categories: Country, , All, 
Tag: ban_exports_of_wheat, Categories: Country, , All, 
Tag: ban_exports_of_maize, Categories: Country, , All, 
Tag: ban_exports_of_rice, Categories: Country, , All, 
Tag: ban_exports_of_millet, Categories: Country, , All, 
Tag: ban_exports_of_legumes, Categories: Country, , All, 
Tag: ban_exports_of_potato, Categories: Country, , All, 
Tag: ban_exports_of_livestock, Categories: Country, , All, 
Tag: ban_exports_of_olives, Categories: Country, , All, 
Tag: ban_exports_of_fruit, Categories: Country, , All, 
Tag: ban_exports_of_tar, Categories: Country, , All, 
Tag: ban_exports_of_porcelain, Categories: Country, , All, 
Tag: ban_exports_of_naval_supplies, Categories: Country, , All, 
Tag: ban_exports_of_weaponry, Categories: Country, , All, 
Tag: ban_exports_of_glass, Categories: Country, , All, 
Tag: ban_exports_of_steel, Categories: Country, , All, 
Tag: ban_exports_of_cloth, Categories: Country, , All, 
Tag: ban_exports_of_fine_cloth, Categories: Country, , All, 
Tag: ban_exports_of_liquor, Categories: Country, , All, 
Tag: ban_exports_of_beer, Categories: Country, , All, 
Tag: ban_exports_of_paper, Categories: Country, , All, 
Tag: ban_exports_of_books, Categories: Country, , All, 
Tag: ban_exports_of_jewelry, Categories: Country, , All, 
Tag: ban_exports_of_leather, Categories: Country, , All, 
Tag: ban_exports_of_tools, Categories: Country, , All, 
Tag: ban_exports_of_lacquerware, Categories: Country, , All, 
Tag: ban_imports_of_cotton, Categories: Country, , All, 
Tag: ban_imports_of_sugar, Categories: Country, , All, 
Tag: ban_imports_of_tobacco, Categories: Country, , All, 
Tag: ban_imports_of_horses, Categories: Country, , All, 
Tag: ban_imports_of_clay, Categories: Country, , All, 
Tag: ban_imports_of_sand, Categories: Country, , All, 
Tag: ban_imports_of_coal, Categories: Country, , All, 
Tag: ban_imports_of_iron, Categories: Country, , All, 
Tag: ban_imports_of_copper, Categories: Country, , All, 
Tag: ban_imports_of_goods_gold, Categories: Country, , All, 
Tag: ban_imports_of_silver, Categories: Country, , All, 
Tag: ban_imports_of_stone, Categories: Country, , All, 
Tag: ban_imports_of_tin, Categories: Country, , All, 
Tag: ban_imports_of_lead, Categories: Country, , All, 
Tag: ban_imports_of_wool, Categories: Country, , All, 
Tag: ban_imports_of_silk, Categories: Country, , All, 
Tag: ban_imports_of_dyes, Categories: Country, , All, 
Tag: ban_imports_of_incense, Categories: Country, , All, 
Tag: ban_imports_of_tea, Categories: Country, , All, 
Tag: ban_imports_of_cocoa, Categories: Country, , All, 
Tag: ban_imports_of_coffee, Categories: Country, , All, 
Tag: ban_imports_of_fiber_crops, Categories: Country, , All, 
Tag: ban_imports_of_ivory, Categories: Country, , All, 
Tag: ban_imports_of_fur, Categories: Country, , All, 
Tag: ban_imports_of_lumber, Categories: Country, , All, 
Tag: ban_imports_of_salt, Categories: Country, , All, 
Tag: ban_imports_of_medicaments, Categories: Country, , All, 
Tag: ban_imports_of_gems, Categories: Country, , All, 
Tag: ban_imports_of_pearls, Categories: Country, , All, 
Tag: ban_imports_of_amber, Categories: Country, , All, 
Tag: ban_imports_of_saltpeter, Categories: Country, , All, 
Tag: ban_imports_of_alum, Categories: Country, , All, 
Tag: ban_imports_of_wine, Categories: Country, , All, 
Tag: ban_imports_of_elephants, Categories: Country, , All, 
Tag: ban_imports_of_slaves_goods, Categories: Country, , All, 
Tag: ban_imports_of_wild_game, Categories: Country, , All, 
Tag: ban_imports_of_fish, Categories: Country, , All, 
Tag: ban_imports_of_wheat, Categories: Country, , All, 
Tag: ban_imports_of_maize, Categories: Country, , All, 
Tag: ban_imports_of_rice, Categories: Country, , All, 
Tag: ban_imports_of_millet, Categories: Country, , All, 
Tag: ban_imports_of_legumes, Categories: Country, , All, 
Tag: ban_imports_of_potato, Categories: Country, , All, 
Tag: ban_imports_of_livestock, Categories: Country, , All, 
Tag: ban_imports_of_olives, Categories: Country, , All, 
Tag: ban_imports_of_fruit, Categories: Country, , All, 
Tag: ban_imports_of_tar, Categories: Country, , All, 
Tag: ban_imports_of_porcelain, Categories: Country, , All, 
Tag: ban_imports_of_naval_supplies, Categories: Country, , All, 
Tag: ban_imports_of_weaponry, Categories: Country, , All, 
Tag: ban_imports_of_glass, Categories: Country, , All, 
Tag: ban_imports_of_steel, Categories: Country, , All, 
Tag: ban_imports_of_cloth, Categories: Country, , All, 
Tag: ban_imports_of_fine_cloth, Categories: Country, , All, 
Tag: ban_imports_of_liquor, Categories: Country, , All, 
Tag: ban_imports_of_beer, Categories: Country, , All, 
Tag: ban_imports_of_paper, Categories: Country, , All, 
Tag: ban_imports_of_books, Categories: Country, , All, 
Tag: ban_imports_of_jewelry, Categories: Country, , All, 
Tag: ban_imports_of_leather, Categories: Country, , All, 
Tag: ban_imports_of_tools, Categories: Country, , All, 
Tag: ban_imports_of_lacquerware, Categories: Country, , All, 
Tag: local_cotton_output_modifier, Categories: Location, , All, 
Tag: local_sugar_output_modifier, Categories: Location, , All, 
Tag: local_tobacco_output_modifier, Categories: Location, , All, 
Tag: local_horses_output_modifier, Categories: Location, , All, 
Tag: local_clay_output_modifier, Categories: Location, , All, 
Tag: local_sand_output_modifier, Categories: Location, , All, 
Tag: local_coal_output_modifier, Categories: Location, , All, 
Tag: local_iron_output_modifier, Categories: Location, , All, 
Tag: local_copper_output_modifier, Categories: Location, , All, 
Tag: local_goods_gold_output_modifier, Categories: Location, , All, 
Tag: local_silver_output_modifier, Categories: Location, , All, 
Tag: local_stone_output_modifier, Categories: Location, , All, 
Tag: local_tin_output_modifier, Categories: Location, , All, 
Tag: local_lead_output_modifier, Categories: Location, , All, 
Tag: local_wool_output_modifier, Categories: Location, , All, 
Tag: local_silk_output_modifier, Categories: Location, , All, 
Tag: local_dyes_output_modifier, Categories: Location, , All, 
Tag: local_incense_output_modifier, Categories: Location, , All, 
Tag: local_tea_output_modifier, Categories: Location, , All, 
Tag: local_cocoa_output_modifier, Categories: Location, , All, 
Tag: local_coffee_output_modifier, Categories: Location, , All, 
Tag: local_fiber_crops_output_modifier, Categories: Location, , All, 
Tag: local_ivory_output_modifier, Categories: Location, , All, 
Tag: local_fur_output_modifier, Categories: Location, , All, 
Tag: local_lumber_output_modifier, Categories: Location, , All, 
Tag: local_salt_output_modifier, Categories: Location, , All, 
Tag: local_medicaments_output_modifier, Categories: Location, , All, 
Tag: local_gems_output_modifier, Categories: Location, , All, 
Tag: local_pearls_output_modifier, Categories: Location, , All, 
Tag: local_amber_output_modifier, Categories: Location, , All, 
Tag: local_saltpeter_output_modifier, Categories: Location, , All, 
Tag: local_alum_output_modifier, Categories: Location, , All, 
Tag: local_wine_output_modifier, Categories: Location, , All, 
Tag: local_elephants_output_modifier, Categories: Location, , All, 
Tag: local_slaves_goods_output_modifier, Categories: Location, , All, 
Tag: local_wild_game_output_modifier, Categories: Location, , All, 
Tag: local_fish_output_modifier, Categories: Location, , All, 
Tag: local_wheat_output_modifier, Categories: Location, , All, 
Tag: local_maize_output_modifier, Categories: Location, , All, 
Tag: local_rice_output_modifier, Categories: Location, , All, 
Tag: local_millet_output_modifier, Categories: Location, , All, 
Tag: local_legumes_output_modifier, Categories: Location, , All, 
Tag: local_potato_output_modifier, Categories: Location, , All, 
Tag: local_livestock_output_modifier, Categories: Location, , All, 
Tag: local_olives_output_modifier, Categories: Location, , All, 
Tag: local_fruit_output_modifier, Categories: Location, , All, 
Tag: local_tar_output_modifier, Categories: Location, , All, 
Tag: local_porcelain_output_modifier, Categories: Location, , All, 
Tag: local_naval_supplies_output_modifier, Categories: Location, , All, 
Tag: local_weaponry_output_modifier, Categories: Location, , All, 
Tag: local_glass_output_modifier, Categories: Location, , All, 
Tag: local_steel_output_modifier, Categories: Location, , All, 
Tag: local_cloth_output_modifier, Categories: Location, , All, 
Tag: local_fine_cloth_output_modifier, Categories: Location, , All, 
Tag: local_liquor_output_modifier, Categories: Location, , All, 
Tag: local_beer_output_modifier, Categories: Location, , All, 
Tag: local_paper_output_modifier, Categories: Location, , All, 
Tag: local_books_output_modifier, Categories: Location, , All, 
Tag: local_jewelry_output_modifier, Categories: Location, , All, 
Tag: local_leather_output_modifier, Categories: Location, , All, 
Tag: local_tools_output_modifier, Categories: Location, , All, 
Tag: local_lacquerware_output_modifier, Categories: Location, , All, 
Tag: global_cotton_output_modifier, Categories: Country, , All, 
Tag: global_sugar_output_modifier, Categories: Country, , All, 
Tag: global_tobacco_output_modifier, Categories: Country, , All, 
Tag: global_horses_output_modifier, Categories: Country, , All, 
Tag: global_clay_output_modifier, Categories: Country, , All, 
Tag: global_sand_output_modifier, Categories: Country, , All, 
Tag: global_coal_output_modifier, Categories: Country, , All, 
Tag: global_iron_output_modifier, Categories: Country, , All, 
Tag: global_copper_output_modifier, Categories: Country, , All, 
Tag: global_goods_gold_output_modifier, Categories: Country, , All, 
Tag: global_silver_output_modifier, Categories: Country, , All, 
Tag: global_stone_output_modifier, Categories: Country, , All, 
Tag: global_tin_output_modifier, Categories: Country, , All, 
Tag: global_lead_output_modifier, Categories: Country, , All, 
Tag: global_wool_output_modifier, Categories: Country, , All, 
Tag: global_silk_output_modifier, Categories: Country, , All, 
Tag: global_dyes_output_modifier, Categories: Country, , All, 
Tag: global_incense_output_modifier, Categories: Country, , All, 
Tag: global_tea_output_modifier, Categories: Country, , All, 
Tag: global_cocoa_output_modifier, Categories: Country, , All, 
Tag: global_coffee_output_modifier, Categories: Country, , All, 
Tag: global_fiber_crops_output_modifier, Categories: Country, , All, 
Tag: global_ivory_output_modifier, Categories: Country, , All, 
Tag: global_fur_output_modifier, Categories: Country, , All, 
Tag: global_lumber_output_modifier, Categories: Country, , All, 
Tag: global_salt_output_modifier, Categories: Country, , All, 
Tag: global_medicaments_output_modifier, Categories: Country, , All, 
Tag: global_gems_output_modifier, Categories: Country, , All, 
Tag: global_pearls_output_modifier, Categories: Country, , All, 
Tag: global_amber_output_modifier, Categories: Country, , All, 
Tag: global_saltpeter_output_modifier, Categories: Country, , All, 
Tag: global_alum_output_modifier, Categories: Country, , All, 
Tag: global_wine_output_modifier, Categories: Country, , All, 
Tag: global_elephants_output_modifier, Categories: Country, , All, 
Tag: global_slaves_goods_output_modifier, Categories: Country, , All, 
Tag: global_wild_game_output_modifier, Categories: Country, , All, 
Tag: global_fish_output_modifier, Categories: Country, , All, 
Tag: global_wheat_output_modifier, Categories: Country, , All, 
Tag: global_maize_output_modifier, Categories: Country, , All, 
Tag: global_rice_output_modifier, Categories: Country, , All, 
Tag: global_millet_output_modifier, Categories: Country, , All, 
Tag: global_legumes_output_modifier, Categories: Country, , All, 
Tag: global_potato_output_modifier, Categories: Country, , All, 
Tag: global_livestock_output_modifier, Categories: Country, , All, 
Tag: global_olives_output_modifier, Categories: Country, , All, 
Tag: global_fruit_output_modifier, Categories: Country, , All, 
Tag: global_tar_output_modifier, Categories: Country, , All, 
Tag: global_porcelain_output_modifier, Categories: Country, , All, 
Tag: global_naval_supplies_output_modifier, Categories: Country, , All, 
Tag: global_weaponry_output_modifier, Categories: Country, , All, 
Tag: global_glass_output_modifier, Categories: Country, , All, 
Tag: global_steel_output_modifier, Categories: Country, , All, 
Tag: global_cloth_output_modifier, Categories: Country, , All, 
Tag: global_fine_cloth_output_modifier, Categories: Country, , All, 
Tag: global_liquor_output_modifier, Categories: Country, , All, 
Tag: global_beer_output_modifier, Categories: Country, , All, 
Tag: global_paper_output_modifier, Categories: Country, , All, 
Tag: global_books_output_modifier, Categories: Country, , All, 
Tag: global_jewelry_output_modifier, Categories: Country, , All, 
Tag: global_leather_output_modifier, Categories: Country, , All, 
Tag: global_tools_output_modifier, Categories: Country, , All, 
Tag: global_lacquerware_output_modifier, Categories: Country, , All, 
Tag: anti_piracy_warfare_modifier, Categories: Unit, , All, 
Tag: amount_looted_modifier, Categories: Unit, , All, 
Tag: local_pirate_spawn_chance, Categories: Location, , All, 
Tag: global_pirate_spawn_chance, Categories: Country, , All, 
Tag: correct_box_chance, Categories: Unit, , All, 
Tag: estate_building_destruction_satisfaction_impact, Categories: Country, , All, 
Tag: local_mercenaries_modifier, Categories: Location, , All, 
Tag: global_mercenaries_modifier, Categories: Country, , All, 
Tag: curia_actions_blocked, Categories: Religion, , All, 
Tag: no_lowborn_leaders, Categories: Country, , All, 
Tag: blocked_from_being_leader, Categories: Character, , All, 
Tag: maximum_stockpile_capacity, Categories: Location, , All, 
Tag: foreign_export_from_market_efficiency, Categories: Country, , All, 
Tag: export_impact_on_demand, Categories: Country, , All, 
Tag: ban_exports_of_marble, Categories: Country, , All, 
Tag: ban_imports_of_marble, Categories: Country, , All, 
Tag: local_marble_output_modifier, Categories: Location, , All, 
Tag: global_marble_output_modifier, Categories: Country, , All, 
Tag: ban_exports_of_firearms, Categories: Country, , All, 
Tag: ban_imports_of_firearms, Categories: Country, , All, 
Tag: local_firearms_output_modifier, Categories: Location, , All, 
Tag: global_firearms_output_modifier, Categories: Country, , All, 
Tag: ban_exports_of_cannons, Categories: Country, , All, 
Tag: ban_imports_of_cannons, Categories: Country, , All, 
Tag: local_cannons_output_modifier, Categories: Location, , All, 
Tag: global_cannons_output_modifier, Categories: Country, , All, 
Tag: ban_exports_of_masonry, Categories: Country, , All, 
Tag: ban_imports_of_masonry, Categories: Country, , All, 
Tag: local_masonry_output_modifier, Categories: Location, , All, 
Tag: global_masonry_output_modifier, Categories: Country, , All, 
Tag: ban_exports_of_mercury, Categories: Country, , All, 
Tag: ban_imports_of_mercury, Categories: Country, , All, 
Tag: local_mercury_output_modifier, Categories: Location, , All, 
Tag: global_mercury_output_modifier, Categories: Country, , All, 
Tag: ban_exports_of_beeswax, Categories: Country, , All, 
Tag: ban_imports_of_beeswax, Categories: Country, , All, 
Tag: local_beeswax_output_modifier, Categories: Location, , All, 
Tag: global_beeswax_output_modifier, Categories: Country, , All, 
Tag: ban_exports_of_saffron, Categories: Country, , All, 
Tag: ban_imports_of_saffron, Categories: Country, , All, 
Tag: local_saffron_output_modifier, Categories: Location, , All, 
Tag: global_saffron_output_modifier, Categories: Country, , All, 
Tag: ban_exports_of_pepper, Categories: Country, , All, 
Tag: ban_imports_of_pepper, Categories: Country, , All, 
Tag: local_pepper_output_modifier, Categories: Location, , All, 
Tag: global_pepper_output_modifier, Categories: Country, , All, 
Tag: ban_exports_of_cloves, Categories: Country, , All, 
Tag: ban_imports_of_cloves, Categories: Country, , All, 
Tag: local_cloves_output_modifier, Categories: Location, , All, 
Tag: global_cloves_output_modifier, Categories: Country, , All, 
Tag: ban_exports_of_chili, Categories: Country, , All, 
Tag: ban_imports_of_chili, Categories: Country, , All, 
Tag: local_chili_output_modifier, Categories: Location, , All, 
Tag: global_chili_output_modifier, Categories: Country, , All, 
Tag: ban_exports_of_pottery, Categories: Country, , All, 
Tag: ban_imports_of_pottery, Categories: Country, , All, 
Tag: local_pottery_output_modifier, Categories: Location, , All, 
Tag: global_pottery_output_modifier, Categories: Country, , All, 
Tag: ban_exports_of_furniture, Categories: Country, , All, 
Tag: ban_imports_of_furniture, Categories: Country, , All, 
Tag: local_furniture_output_modifier, Categories: Location, , All, 
Tag: global_furniture_output_modifier, Categories: Country, , All, 
Tag: global_may_build_nahuatl_units, Categories: Country, , All, 
Tag: local_may_build_nahuatl_units, Categories: Location, , All, 
Tag: local_may_build_north_american_units, Categories: Location, , All, 
Tag: may_build_sofa_units, Categories: Location, , All, 
Tag: religious_icon_power_modifier, Categories: Country, , All, 
Tag: is_battles_preordained, Categories: Country, , All, 
Tag: minting_inflation_threshold, Categories: Country, , All, 
Tag: minting_income_factor, Categories: Country, , All, 
Tag: bribe_voter_for_policy_cost_modifier, Categories: Country, , All, 
Tag: hide_from_black_death_cost_modifier, Categories: Country, , All, 
Tag: control_the_food_market_cost_modifier, Categories: Country, , All, 
Tag: close_the_borders_cost_modifier, Categories: Country, , All, 
Tag: no_contact_with_outsiders_cost_modifier, Categories: Country, , All, 
Tag: segregate_the_infected_cost_modifier, Categories: Country, , All, 
Tag: strict_quarantines_cost_modifier, Categories: Country, , All, 
Tag: isolate_cities_black_death_cost_modifier, Categories: Country, , All, 
Tag: procure_remedies_cost_modifier, Categories: Country, , All, 
Tag: stop_procure_remedies_cost_modifier, Categories: Country, , All, 
Tag: sponsor_sin_forgiveness_cost_modifier, Categories: Country, , All, 
Tag: stop_sponsor_sin_forgiveness_cost_modifier, Categories: Country, , All, 
Tag: blame_the_minorities_cost_modifier, Categories: Country, , All, 
Tag: stop_blame_the_minorities_cost_modifier, Categories: Country, , All, 
Tag: road_building_blocked, Categories: Location, , All, 
Tag: constructions_stalled, Categories: Location, , All, 
Tag: recruit_conquistador_cost_modifier, Categories: Country, , All, 
Tag: allow_conquistadors, Categories: Country, , All, 
Tag: auto_conquer_at_war, Categories: Country, , All, 
Tag: auto_conquer_different_religion_at_war, Categories: Country, , All, 
Tag: can_colonize, Categories: Country, , All, 
Tag: always_allow_navy_levies, Categories: Country, , All, 
Tag: always_allow_army_levies, Categories: Country, , All, 
Tag: global_migration_attraction, Categories: Country, , All, 
Tag: rural_migration_attraction, Categories: Country, , All, 
Tag: non_rural_migration_attraction, Categories: Country, , All, 
Tag: prevented_from_being_heir, Categories: Character, , All, 
Tag: byz_born_in_the_purple, Categories: Character, , All, 
Tag: can_recruit_regiment_in_this_location, Categories: Location, , All, 
Tag: can_build_ships_in_this_location, Categories: Location, , All, 
Tag: block_from_change_to_empire_rank, Categories: Country, , All, 
Tag: block_from_change_to_empire_rank_catholic, Categories: Country, , All, 
Tag: block_from_change_to_kingdom_rank, Categories: Country, , All, 
Tag: block_from_change_to_duchy_rank, Categories: Country, , All, 
Tag: character_life_expectancy, Categories: Character, , All, 
Tag: local_life_expectancy, Categories: Location, , All, 
Tag: global_life_expectancy, Categories: Country, , All, 
Tag: is_immortal, Categories: Character, , All, 
Tag: blocked_from_declaring_war, Categories: Country, , All, 
Tag: union_blocked_from_declaring_war, Categories: Country, , All, 
Tag: trade_range, Categories: Country, , All, 
Tag: trade_range_modifier, Categories: Country, , All, 
Tag: mercenary_range, Categories: Country, , All, 
Tag: mercenary_range_modifier, Categories: Country, , All, 
Tag: global_trade_through_owned_territory_efficiency, Categories: Country, , All, 
Tag: local_trade_embark_disembark_efficiency, Categories: Location, , All, 
Tag: trade_land_efficiency, Categories: Country, , All, 
Tag: trade_sea_efficiency, Categories: Country, , All, 
Tag: add_religious_aspect_christian_cost_modifier, Categories: Country, , All, 
Tag: remove_religious_aspect_christian_cost_modifier, Categories: Country, , All, 
Tag: add_religious_aspect_inti_cost_modifier, Categories: Country, , All, 
Tag: change_religious_aspect_inti_cost_modifier, Categories: Country, , All, 
Tag: remove_religious_aspect_inti_cost_modifier, Categories: Country, , All, 
Tag: add_religious_aspect_hellenism_cost_modifier, Categories: Country, , All, 
Tag: change_religious_aspect_hellenism_cost_modifier, Categories: Country, , All, 
Tag: remove_religious_aspect_hellenism_cost_modifier, Categories: Country, , All, 
Tag: blocked_from_marriage, Categories: Character, , All, 
Tag: marriage_desirability, Categories: Character, , All, 
Tag: allow_privateers_slave_raid, Categories: Country, , All, 
Tag: blocks_privateer_raids, Categories: Location, , All, 
Tag: auto_slave_raid, Categories: Country, , All, 
Tag: auto_slave_raid_different_religion, Categories: Country, , All, 
Tag: slave_raid_efficiency, Categories: Country, , All, 
Tag: rural_disease_resistance, Categories: Country, , All, 
Tag: local_disease_resistance, Categories: Location, , All, 
Tag: global_disease_resistance, Categories: Country, , All, 
Tag: local_prosperity_decay, Categories: Location, , All, 
Tag: global_prosperity_decay, Categories: Country, , All, 
Tag: local_devastation_recovery, Categories: Location, , All, 
Tag: global_devastation_recovery, Categories: Country, , All, 
Tag: can_have_monasteries, Categories: Country, , All, 
Tag: slavery_blocked, Categories: Country, , All, 
Tag: any_pop_can_be_slave, Categories: Country, , All, 
Tag: global_nobles_conversion_blocked, Categories: Country, , All, 
Tag: local_nobles_conversion_blocked, Categories: Location, , All, 
Tag: global_clergy_conversion_blocked, Categories: Country, , All, 
Tag: local_clergy_conversion_blocked, Categories: Location, , All, 
Tag: global_burghers_conversion_blocked, Categories: Country, , All, 
Tag: local_burghers_conversion_blocked, Categories: Location, , All, 
Tag: global_peasants_conversion_blocked, Categories: Country, , All, 
Tag: local_peasants_conversion_blocked, Categories: Location, , All, 
Tag: global_laborers_conversion_blocked, Categories: Country, , All, 
Tag: local_laborers_conversion_blocked, Categories: Location, , All, 
Tag: global_soldiers_conversion_blocked, Categories: Country, , All, 
Tag: local_soldiers_conversion_blocked, Categories: Location, , All, 
Tag: global_slaves_conversion_blocked, Categories: Country, , All, 
Tag: local_slaves_conversion_blocked, Categories: Location, , All, 
Tag: global_tribesmen_conversion_blocked, Categories: Country, , All, 
Tag: local_tribesmen_conversion_blocked, Categories: Location, , All, 
Tag: global_nobles_assimilation_blocked, Categories: Country, , All, 
Tag: local_nobles_assimilation_blocked, Categories: Location, , All, 
Tag: global_clergy_assimilation_blocked, Categories: Country, , All, 
Tag: local_clergy_assimilation_blocked, Categories: Location, , All, 
Tag: global_burghers_assimilation_blocked, Categories: Country, , All, 
Tag: local_burghers_assimilation_blocked, Categories: Location, , All, 
Tag: global_peasants_assimilation_blocked, Categories: Country, , All, 
Tag: local_peasants_assimilation_blocked, Categories: Location, , All, 
Tag: global_laborers_assimilation_blocked, Categories: Country, , All, 
Tag: local_laborers_assimilation_blocked, Categories: Location, , All, 
Tag: global_soldiers_assimilation_blocked, Categories: Country, , All, 
Tag: local_soldiers_assimilation_blocked, Categories: Location, , All, 
Tag: global_slaves_assimilation_blocked, Categories: Country, , All, 
Tag: local_slaves_assimilation_blocked, Categories: Location, , All, 
Tag: global_tribesmen_assimilation_blocked, Categories: Country, , All, 
Tag: local_tribesmen_assimilation_blocked, Categories: Location, , All, 
Tag: building_upkeep_efficiency, Categories: Country, , All, 
Tag: building_upkeep_multiplier, Categories: Country, , All, 
Tag: legislative_efficiency, Categories: Country, , All, 
Tag: local_bubonic_plague_impact_modifier, Categories: Location, , All, 
Tag: local_smallpox_impact_modifier, Categories: Location, , All, 
Tag: local_typhus_impact_modifier, Categories: Location, , All, 
Tag: local_influenza_impact_modifier, Categories: Location, , All, 
Tag: local_measles_impact_modifier, Categories: Location, , All, 
Tag: local_great_pestilence_impact_modifier, Categories: Location, , All, 
Tag: local_malaria_impact_modifier, Categories: Location, , All, 
Tag: national_bubonic_plague_resistance_modifier, Categories: Country, , All, 
Tag: national_smallpox_resistance_modifier, Categories: Country, , All, 
Tag: national_typhus_resistance_modifier, Categories: Country, , All, 
Tag: national_influenza_resistance_modifier, Categories: Country, , All, 
Tag: national_measles_resistance_modifier, Categories: Country, , All, 
Tag: national_great_pestilence_resistance_modifier, Categories: Country, , All, 
Tag: national_malaria_resistance_modifier, Categories: Country, , All, 
Tag: local_bubonic_plague_resistance_modifier, Categories: Location, , All, 
Tag: local_smallpox_resistance_modifier, Categories: Location, , All, 
Tag: local_typhus_resistance_modifier, Categories: Location, , All, 
Tag: local_influenza_resistance_modifier, Categories: Location, , All, 
Tag: local_measles_resistance_modifier, Categories: Location, , All, 
Tag: local_great_pestilence_resistance_modifier, Categories: Location, , All, 
Tag: local_malaria_resistance_modifier, Categories: Location, , All, 
Tag: national_bubonic_plague_growth_modifier, Categories: Country, , All, 
Tag: national_smallpox_growth_modifier, Categories: Country, , All, 
Tag: national_typhus_growth_modifier, Categories: Country, , All, 
Tag: national_influenza_growth_modifier, Categories: Country, , All, 
Tag: national_measles_growth_modifier, Categories: Country, , All, 
Tag: national_great_pestilence_growth_modifier, Categories: Country, , All, 
Tag: national_malaria_growth_modifier, Categories: Country, , All, 
Tag: local_bubonic_plague_growth_modifier, Categories: Location, , All, 
Tag: local_smallpox_growth_modifier, Categories: Location, , All, 
Tag: local_typhus_growth_modifier, Categories: Location, , All, 
Tag: local_influenza_growth_modifier, Categories: Location, , All, 
Tag: local_measles_growth_modifier, Categories: Location, , All, 
Tag: local_great_pestilence_growth_modifier, Categories: Location, , All, 
Tag: local_malaria_growth_modifier, Categories: Location, , All, 
Tag: female_spouses, Categories: Country, , All, 
Tag: male_spouses, Categories: Country, , All, 
Tag: parliament_abolished, Categories: Country, , All, 
Tag: ruler_name_in_court_language, Categories: Country, , All, 
Tag: enable_doom, Categories: Country, , All, 
Tag: ignore_doom, Categories: Country, , All, 
Tag: has_parliament_seat, Categories: Location, , All, 
Tag: parliament_duration_modifier, Categories: Country, , All, 
Tag: organization_parliament_duration_modifier, Categories: InternationalOrganization, , All, 
Tag: has_a_parliamentary_system, Categories: Country, , All, 
Tag: has_international_parliament, Categories: InternationalOrganization, , All, 
Tag: uses_parliament_for_law_votes, Categories: InternationalOrganization, , All, 
Tag: can_reassign_cleric, Categories: Country, , All, 
Tag: no_beards, Categories: Country, , All, 
Tag: can_call_rural_parliaments, Categories: Country, , All, 
Tag: parliament_base_support, Categories: Country, , All, 
Tag: university_construction_blocked, Categories: Country, , All, 
Tag: can_create_anti_piracy_cb, Categories: Country, , All, 
Tag: can_be_target_of_anti_piracy_cb, Categories: Country, , All, 
Tag: can_be_member_of_a_high_kingship, Categories: Country, , All, 
Tag: demand_church_tax_price_cost_modifier, Categories: Country, , All, 
Tag: request_aid_price_cost_modifier, Categories: Country, , All, 
Tag: profess_trust_price_cost_modifier, Categories: Country, , All, 
Tag: has_panaqas, Categories: Country, , All, 
Tag: can_use_nustas_marriages, Categories: Country, , All, 
Tag: can_use_aclla_distribution, Categories: Country, , All, 
Tag: estate_power_from_cabinet, Categories: Country, , All, 
Tag: estate_power_from_command, Categories: Country, , All, 
Tag: buy_military_access_cost_modifier, Categories: Country, , All, 
Tag: buy_fleet_basing_rights_cost_modifier, Categories: Country, , All, 
Tag: force_allow_as_leader, Categories: Character, , All, 
Tag: maximum_religious_influence, Categories: Country, , All, 
Tag: manpower_to_building_owner, Categories: Location, , All, 
Tag: sailors_to_building_owner, Categories: Location, , All, 
Tag: gold_to_building_owner, Categories: Location, , All, 
Tag: scaled_gold_to_building_owner, Categories: Location, , All, 
Tag: monthly_loan_capacity_investment, Categories: Country, , All, 
Tag: total_loan_capacity_modifier, Categories: Country, , All, 
Tag: hire_for_cabinet_efficiency, Categories: Character, , All, 
Tag: blocks_vision_from_land, Categories: Location, , All, 
Tag: blocks_vision_from_sea, Categories: Location, , All, 
Tag: blocks_country_formation, Categories: Country, , All, 
Tag: local_upper_class_capacity_modifier, Categories: Location, , All, 
Tag: global_upper_class_capacity_modifier, Categories: Country, , All, 
Tag: target_of_military_sponsorships, Categories: Country, , All, 
Tag: is_praefecta, Categories: Character, , All, 
Tag: is_appointed_as_heir, Categories: Character, , All, 
Tag: papal_relations, Categories: Country, , All, 
Tag: blocked_from_creating_subjects, Categories: Country, , All, 
Tag: coalition_strength_tolerance, Categories: Country, , All, 
Tag: trade_isolation, Categories: Country, , All, 
Tag: allowed_to_become_shogun, Categories: Character, , All, 
Tag: favoring_buddhism, Categories: Country, , All, 
Tag: n_panokseon_build_cost_modifier, Categories: Country, , All, 
Tag: n_panokseon_reinforce_cost_modifier, Categories: Country, , All, 
Tag: n_panokseon_maintenance_cost_modifier, Categories: Country, , All, 
Tag: a_clan_retainers_build_cost_modifier, Categories: Country, , All, 
Tag: a_clan_retainers_reinforce_cost_modifier, Categories: Country, , All, 
Tag: a_clan_retainers_maintenance_cost_modifier, Categories: Country, , All, 
Tag: a_clan_retainer_cavalry_build_cost_modifier, Categories: Country, , All, 
Tag: a_clan_retainer_cavalry_reinforce_cost_modifier, Categories: Country, , All, 
Tag: a_clan_retainer_cavalry_maintenance_cost_modifier, Categories: Country, , All, 
Tag: has_ashta_pradham_council_policies, Categories: Country, , All, 
Tag: can_send_royal_inspectors, Categories: Country, , All, 
Tag: blocked_from_being_ruler, Categories: Character, , All, 
Tag: blocked_from_character_interactions, Categories: Character, , All, 
Tag: can_execute_characters, Categories: Country, , All, 
Tag: can_banish_characters, Categories: Country, , All, 
Tag: can_marry_only_overlord_dynasty_characters, Categories: Country, , All, 
Tag: forbid_marrying_lowborn, Categories: Country, , All, 
Tag: block_marrying_lowborn, Categories: Character, , All, 
Tag: ruler_must_be_commander_during_war, Categories: Country, , All, 
Tag: character_overthrew_high_king, Categories: Character, , All, 
Tag: character_blocked_from_high_kingship, Categories: Character, , All, 
Tag: shameless_privateering_modifier, Categories: Country, , All, 
Tag: sheikh_ul_islam_modifier, Categories: Character, , All, 
Tag: peace_offer_fairness, Categories: Country, , All, 
Tag: peace_offer_negotiation_power, Categories: Country, , All, 
Tag: language_change_threshold_modifier, Categories: Country, , All, 
Tag: monthly_imperial_authority, Categories: None, , Location, , Country, , Unit, , Character, , Religion, , Mercenary, , Province, , InternationalOrganization, , Rebel, , Dynasty, , Movement, , All, 
Tag: imperial_authority_modifier, Categories: None, , Location, , Country, , Unit, , Character, , Religion, , Mercenary, , Province, , InternationalOrganization, , Rebel, , Dynasty, , Movement, , All, 
Tag: allow_self_vote, Categories: InternationalOrganization, , All, 
Tag: is_hre_elector, Categories: Country, , All, 
Tag: can_revoke_electorship, Categories: Country, , All, 
Tag: is_excluded_from_electorship, Categories: Country, , All, 
Tag: reasons_to_elect, Categories: Country, , All, 
Tag: reasons_to_vote, Categories: Country, , All, 
Tag: allow_landfriede, Categories: Country, , All, 
Tag: landfriede_flat_cost, Categories: Country, , All, 
Tag: landfriede_cooldown, Categories: Country, , All, 
Tag: allow_overrule_imperial_diet, Categories: InternationalOrganization, , All, 
Tag: monthly_papal_authority, Categories: None, , Location, , Country, , Unit, , Character, , Religion, , Mercenary, , Province, , InternationalOrganization, , Rebel, , Dynasty, , Movement, , All, 
Tag: papal_authority_modifier, Categories: None, , Location, , Country, , Unit, , Character, , Religion, , Mercenary, , Province, , InternationalOrganization, , Rebel, , Dynasty, , Movement, , All, 
Tag: can_ignore_papal_bulls, Categories: Country, , All, 
Tag: is_pope, Categories: Country, , All, 
Tag: blocked_from_conversion, Categories: Country, , All, 
Tag: papacy_blocked, Categories: Religion, , All, 
Tag: excommunication_price_cost_modifier, Categories: Country, , All, 
Tag: catholic_country_interaction_cost_modifier, Categories: Country, , All, 
Tag: request_divorce_price_cost_modifier, Categories: Country, , All, 
Tag: middle_kingdom_tribute_price_cost_modifier, Categories: Country, , All, 
Tag: tribute_payment_received_modifier, Categories: Country, , All, 
Tag: excluded_from_paying_imperial_contribution, Categories: Country, , All, 
Tag: imperial_contribution_price_cost_modifier, Categories: Country, , All, 
Tag: imperial_treasury_contribution_price_cost_modifier, Categories: Country, , All, 
Tag: imperial_army_contribution_price_cost_modifier, Categories: Country, , All, 
Tag: union_contribution_price_cost_modifier, Categories: Country, , All, 
Tag: tithe_price_cost_modifier, Categories: Country, , All, 
Tag: excluded_from_imperial_protection, Categories: Country, , All, 
Tag: ghibelline_imperial_protection, Categories: Country, , All, 
Tag: head_of_cabinet_promotion_cost_modifier, Categories: Country, , All, 
Tag: is_head_of_cabinet, Categories: Character, , All, 
Tag: can_convert_galleys_to_light, Categories: Country, , All, 
Tag: treasure_voyage_cargo_size_modifier, Categories: Country, , All, 
Tag: eunuch_power, Categories: Country, , All, 
Tag: global_pop_demand, Categories: Country, , All, 
Tag: local_pop_demand, Categories: Location, , All, 
Tag: global_fine_cloth_pop_demand, Categories: Country, , All, 
Tag: global_paper_pop_demand, Categories: Country, , All, 
Tag: global_books_pop_demand, Categories: Country, , All, 
Tag: global_livestock_pop_demand, Categories: Country, , All, 
Tag: global_silver_pop_demand, Categories: Country, , All, 
Tag: global_wine_pop_demand, Categories: Country, , All, 
Tag: global_liquor_pop_demand, Categories: Country, , All, 
Tag: global_beer_pop_demand, Categories: Country, , All, 
Tag: global_fur_pop_demand, Categories: Country, , All, 
Tag: global_beeswax_pop_demand, Categories: Country, , All, 
Tag: global_lumber_pop_demand, Categories: Country, , All, 
Tag: global_coal_pop_demand, Categories: Country, , All, 
Tag: global_pearls_pop_demand, Categories: Country, , All, 
Tag: global_amber_pop_demand, Categories: Country, , All, 
Tag: global_goods_gold_pop_demand, Categories: Country, , All, 
Tag: global_ivory_pop_demand, Categories: Country, , All, 
Tag: global_incense_pop_demand, Categories: Country, , All, 
Tag: global_gems_pop_demand, Categories: Country, , All, 
Tag: global_marble_pop_demand, Categories: Country, , All, 
Tag: global_horses_pop_demand, Categories: Country, , All, 
Tag: global_elephants_pop_demand, Categories: Country, , All, 
Tag: global_medicaments_pop_demand, Categories: Country, , All, 
Tag: global_masonry_pop_demand, Categories: Country, , All, 
Tag: global_mercury_pop_demand, Categories: Country, , All, 
Tag: global_tools_pop_demand, Categories: Country, , All, 
Tag: global_glass_pop_demand, Categories: Country, , All, 
Tag: global_pottery_pop_demand, Categories: Country, , All, 
Tag: global_furniture_pop_demand, Categories: Country, , All, 
Tag: global_porcelain_pop_demand, Categories: Country, , All, 
Tag: global_lacquerware_pop_demand, Categories: Country, , All, 
Tag: global_jewelry_pop_demand, Categories: Country, , All, 
Tag: global_cloth_pop_demand, Categories: Country, , All, 
Tag: global_weaponry_pop_demand, Categories: Country, , All, 
Tag: global_firearms_pop_demand, Categories: Country, , All, 
Tag: global_salt_pop_demand, Categories: Country, , All, 
Tag: global_sugar_pop_demand, Categories: Country, , All, 
Tag: global_tobacco_pop_demand, Categories: Country, , All, 
Tag: global_tea_pop_demand, Categories: Country, , All, 
Tag: global_cocoa_pop_demand, Categories: Country, , All, 
Tag: global_coffee_pop_demand, Categories: Country, , All, 
Tag: global_saffron_pop_demand, Categories: Country, , All, 
Tag: global_pepper_pop_demand, Categories: Country, , All, 
Tag: global_cloves_pop_demand, Categories: Country, , All, 
Tag: global_chili_pop_demand, Categories: Country, , All, 
Tag: global_potato_pop_demand, Categories: Country, , All, 
Tag: global_maize_pop_demand, Categories: Country, , All, 
Tag: global_millet_pop_demand, Categories: Country, , All, 
Tag: global_wild_game_pop_demand, Categories: Country, , All, 
Tag: global_fish_pop_demand, Categories: Country, , All, 
Tag: global_legumes_pop_demand, Categories: Country, , All, 
Tag: global_olives_pop_demand, Categories: Country, , All, 
Tag: global_wheat_pop_demand, Categories: Country, , All, 
Tag: global_fruit_pop_demand, Categories: Country, , All, 
Tag: global_rice_pop_demand, Categories: Country, , All, 
Tag: global_clay_pop_demand, Categories: Country, , All, 
Tag: global_sand_pop_demand, Categories: Country, , All, 
Tag: global_iron_pop_demand, Categories: Country, , All, 
Tag: global_copper_pop_demand, Categories: Country, , All, 
Tag: global_stone_pop_demand, Categories: Country, , All, 
Tag: global_tin_pop_demand, Categories: Country, , All, 
Tag: global_lead_pop_demand, Categories: Country, , All, 
Tag: global_silk_pop_demand, Categories: Country, , All, 
Tag: global_dyes_pop_demand, Categories: Country, , All, 
Tag: global_fiber_crops_pop_demand, Categories: Country, , All, 
Tag: global_saltpeter_pop_demand, Categories: Country, , All, 
Tag: global_alum_pop_demand, Categories: Country, , All, 
Tag: global_cotton_pop_demand, Categories: Country, , All, 
Tag: global_tar_pop_demand, Categories: Country, , All, 
Tag: global_naval_supplies_pop_demand, Categories: Country, , All, 
Tag: global_cannons_pop_demand, Categories: Country, , All, 
Tag: global_steel_pop_demand, Categories: Country, , All, 
Tag: global_leather_pop_demand, Categories: Country, , All, 
Tag: global_wool_pop_demand, Categories: Country, , All, 
Tag: global_slaves_goods_pop_demand, Categories: Country, , All, 
Tag: enables_german_migration, Categories: Country, , All, 
Tag: german_migration_attraction_modifier, Categories: Country, , All, 
Tag: mercenary_units_preference_modifier, Categories: Country, , All, 
Tag: has_appanages_subjects, Categories: Country, , All, 
Tag: french_subject_prevented_from_call_to_war, Categories: Country, , All, 
Tag: heir_of_same_religion, Categories: Country, , All, 
Tag: heir_of_same_religion_group, Categories: Country, , All, 
Tag: heir_of_any_religion, Categories: Country, , All, 
Tag: permanent_parliament_location, Categories: Country, , All, 
Tag: parliament_request_issue_support_needed, Categories: Country, , All, 
Tag: overlord_blocked_from_recruiting_regiments, Categories: Country, , All, 
Tag: overlord_blocked_from_building_ships, Categories: Country, , All, 
Tag: overlord_blocked_from_building_rgos, Categories: Country, , All, 
Tag: overlord_blocked_from_building_roads, Categories: Country, , All, 
Tag: overlord_blocked_from_building_buildings, Categories: Country, , All, 
Tag: ai_months_between_wars, Categories: Country, , All, 
Tag: aggressiveness_modifier, Categories: Country, , All, 
Tag: ai_conquer_desire_religion_mult, Categories: Country, , All, 
Tag: ai_amount_of_parallel_charters, Categories: Country, , All, 
Tag: carefulness_modifier, Categories: Country, , All, 
Tag: subjugation_preference_modifier, Categories: Country, , All, 
Tag: dynastic_acquisition_preference_modifier, Categories: Country, , All, 
Tag: ai_force_annexation_modifier, Categories: Country, , All, 
Tag: ai_stability_target_modifier, Categories: Country, , All, 
Tag: ai_government_power_target_modifier, Categories: Country, , All, 
Tag: expected_warscore_modifier, Categories: Country, , All, 
Tag: cannot_move_capital, Categories: Country, , All, 
Tag: gold_importance_modifier, Categories: Country, , All, 
Tag: court_language_is_liturgical_language_importance_modifier, Categories: Country, , All, 
Tag: court_language_is_common_language_importance_modifier, Categories: Country, , All, 
Tag: court_language_is_market_language_importance_modifier, Categories: Country, , All, 
Tag: stability_importance_modifier, Categories: Country, , All, 
Tag: manpower_importance_modifier, Categories: Country, , All, 
Tag: control_importance_modifier, Categories: Country, , All, 
Tag: diplomacy_importance_modifier, Categories: Country, , All, 
Tag: religious_unity_importance_modifier, Categories: Country, , All, 
Tag: defence_importance_modifier, Categories: Country, , All, 
Tag: institution_importance_modifier, Categories: Country, , All, 
Tag: trade_importance_modifier, Categories: Country, , All, 
Tag: societal_value_importance_modifier, Categories: Country, , All, 
Tag: growth_is_primary_culture, Categories: Location, , All, 
Tag: owner_gets_vision_when_occupied, Categories: Location, , All, 
Tag: allow_native_subjugation_cb, Categories: Country, , All, 
Tag: market_building_levels, Categories: Country, , All, 
Tag: local_jewelry_guild_building_levels, Categories: Location, , All, 
Tag: local_marketplace_building_levels, Categories: Location, , All, 
Tag: local_cloth_guild_building_levels, Categories: Location, , All, 
Tag: local_fine_cloth_guild_building_levels, Categories: Location, , All, 
Tag: irrigant_cap_level, Categories: Country, , All, 
Tag: chancery_cap_level, Categories: Country, , All, 
Tag: allow_paik_levies, Categories: Country, , All, 
Tag: global_may_build_paik_units, Categories: Country, , All, 
Tag: global_trades_per_burgher, Categories: Country, , All, 
Tag: local_trades_per_burgher, Categories: Location, , All, 
Tag: can_assume_fort_command, Categories: Country, , All, 
Tag: can_assume_fort_command_character, Categories: Character, , All, 
Tag: fort_assumed_efficiency_character, Categories: Character, , All, 
Tag: ennoble_price_cost_modifier, Categories: Country, , All, 
Tag: pardon_price_cost_modifier, Categories: Country, , All, 
Tag: appoint_as_heir_price_cost_modifier, Categories: Country, , All, 
Tag: grant_cabinet_right_price_cost_modifier, Categories: Country, , All, 
Tag: sow_discontent_monthly_cost_cost_modifier, Categories: Country, , All, 
Tag: corrupt_officials_monthly_cost_cost_modifier, Categories: Country, , All, 
Tag: commission_art_price_cost_modifier, Categories: Country, , All, 
Tag: sell_work_of_art_cost_modifier, Categories: Country, , All, 
Tag: request_work_of_art_purchase_cost_modifier, Categories: Country, , All, 
Tag: lutheran_preachers_building_cost_modifier, Categories: Country, , All, 
Tag: calvinist_preachers_building_cost_modifier, Categories: Country, , All, 
Tag: abdicate_price_cost_modifier, Categories: Country, , All, 
Tag: cannot_declare_no_cb_wars, Categories: Country, , All, 
Tag: cannot_declare_no_cb_wars_on_religion_head, Categories: Country, , All, 
Tag: has_taluqdar_tax_collection, Categories: Country, , All, 
Tag: allow_extensive_conscription_cabinet_action, Categories: Country, , All, 
Tag: allow_thema_headquarters, Categories: Country, , All, 
Tag: num_of_varangian_units, Categories: Country, , All, 
Tag: num_of_legionaries_modifier, Categories: Country, , All, 
Tag: can_use_council_of_three_lands_modifier, Categories: Country, , All, 
Tag: allowed_alliance, Categories: Country, , All, 
Tag: allowed_guarantee, Categories: Country, , All, 
Tag: allowed_support_rebels, Categories: Country, , All, 
Tag: allowed_intervene_in_war, Categories: Country, , All, 
Tag: allowed_enforce_peace, Categories: Country, , All, 
Tag: allowed_threaten_war, Categories: Country, , All, 
Tag: blocked_from_peace, Categories: Country, , All, 
Tag: allow_tribute_in_silver, Categories: Country, , All, 
Tag: may_convert_vassals_to_celestial_governors, Categories: Country, , All, 
Tag: num_of_banner_cavalry, Categories: Country, , All, 
Tag: monthly_celestial_authority, Categories: None, , Location, , Country, , Unit, , Character, , Religion, , Mercenary, , Province, , InternationalOrganization, , Rebel, , Dynasty, , Movement, , All, 
Tag: conduct_keju_examination_cost_modifier, Categories: Country, , All, 
Tag: reshape_bureaucracy_cost_modifier, Categories: Country, , All, 
Tag: strengthen_ministry_cost_modifier, Categories: Country, , All, 
Tag: proclaim_decree_cost_modifier, Categories: Country, , All, 
Tag: exempt_from_tribute_cost_modifier, Categories: Country, , All, 
Tag: can_create_red_turban_rebellions_cb, Categories: Country, , All, 
Tag: rtr_grant_titles_price_cost_modifier, Categories: Country, , All, 
Tag: rtr_negotiate_with_rebels_price_cost_modifier, Categories: Country, , All, 
Tag: change_government_type_price_cost_modifier, Categories: Country, , All, 
Tag: rtr_appease_the_court_price_cost_modifier, Categories: Country, , All, 
Tag: rtr_rein_in_area_price_cost_modifier, Categories: Country, , All, 
Tag: rtr_demand_annexation_price_cost_modifier, Categories: Country, , All, 
Tag: change_employment_system_cost_modifier, Categories: Country, , All, 
Tag: restrict_peranakan_trading_rights_price_cost_modifier, Categories: Country, , All, 
Tag: ban_conversion_of_adipatis_price_cost_modifier, Categories: Country, , All, 
Tag: control_the_bhres_price_cost_modifier, Categories: Country, , All, 
Tag: gag_support_guelphs, Categories: Country, , All, 
Tag: crown_estate_can_participate_in_parliament, Categories: Country, , All, 
Tag: nobles_estate_can_participate_in_parliament, Categories: Country, , All, 
Tag: clergy_estate_can_participate_in_parliament, Categories: Country, , All, 
Tag: burghers_estate_can_participate_in_parliament, Categories: Country, , All, 
Tag: peasants_estate_can_participate_in_parliament, Categories: Country, , All, 
Tag: dhimmi_estate_can_participate_in_parliament, Categories: Country, , All, 
Tag: crown_estate_blocked_from_parliament, Categories: Country, , All, 
Tag: nobles_estate_blocked_from_parliament, Categories: Country, , All, 
Tag: clergy_estate_blocked_from_parliament, Categories: Country, , All, 
Tag: burghers_estate_blocked_from_parliament, Categories: Country, , All, 
Tag: peasants_estate_blocked_from_parliament, Categories: Country, , All, 
Tag: dhimmi_estate_blocked_from_parliament, Categories: Country, , All, 
Tag: tribes_estate_blocked_from_parliament, Categories: Country, , All, 
Tag: cossacks_estate_blocked_from_parliament, Categories: Country, , All, 
Tag: crown_estate_agenda_impact, Categories: Country, , All, 
Tag: nobles_estate_agenda_impact, Categories: Country, , All, 
Tag: clergy_estate_agenda_impact, Categories: Country, , All, 
Tag: burghers_estate_agenda_impact, Categories: Country, , All, 
Tag: peasants_estate_agenda_impact, Categories: Country, , All, 
Tag: dhimmi_estate_agenda_impact, Categories: Country, , All, 
Tag: tribes_estate_target_satisfaction, Categories: Country, , All, 
Tag: tribes_estate_satisfaction_decay, Categories: Country, , All, 
Tag: tribes_estate_satisfaction_recovery, Categories: Country, , All, 
Tag: tribes_estate_max_tax, Categories: Country, , All, 
Tag: tribes_estate_min_tax, Categories: Country, , All, 
Tag: tribes_estate_levy_size, Categories: Country, , All, 
Tag: local_tribes_estate_power, Categories: Location, , All, 
Tag: global_tribes_estate_power, Categories: Country, , All, 
Tag: base_tribes_estate_power_modifier, Categories: Country, , All, 
Tag: tribes_estate_can_participate_in_parliament, Categories: Country, , All, 
Tag: tribes_estate_cannot_marry, Categories: Country, , All, 
Tag: tribes_estate_agenda_impact, Categories: Country, , All, 
Tag: cossacks_estate_target_satisfaction, Categories: Country, , All, 
Tag: cossacks_estate_satisfaction_decay, Categories: Country, , All, 
Tag: cossacks_estate_satisfaction_recovery, Categories: Country, , All, 
Tag: cossacks_estate_max_tax, Categories: Country, , All, 
Tag: cossacks_estate_min_tax, Categories: Country, , All, 
Tag: cossacks_estate_levy_size, Categories: Country, , All, 
Tag: local_cossacks_estate_power, Categories: Location, , All, 
Tag: global_cossacks_estate_power, Categories: Country, , All, 
Tag: base_cossacks_estate_power_modifier, Categories: Country, , All, 
Tag: cossacks_estate_can_participate_in_parliament, Categories: Country, , All, 
Tag: cossacks_estate_cannot_marry, Categories: Country, , All, 
Tag: cossacks_estate_agenda_impact, Categories: Country, , All, 
Tag: local_construction_speed, Categories: Location, , All, 
Tag: global_construction_speed, Categories: Country, , All, 
Tag: num_possible_rivals, Categories: Country, , All, 
Tag: mercury_patio_max_level, Categories: Country, , All, 
Tag: hanseatic_shipwright_guild_max_level, Categories: Country, , All, 
Tag: construction_center_max_level, Categories: Country, , All, 
Tag: allows_hanseatic_federation_buildings, Categories: Country, , All, 
Tag: always_allow_levies, Categories: Country, , All, 
Tag: excluded_from_paying_tithe, Categories: Country, , All, 
Tag: tithe_cost_modifier, Categories: Country, , All, 
Tag: join_italian_wars_price_cost_modifier, Categories: Country, , All, 
Tag: create_italian_league_price_cost_modifier, Categories: Country, , All, 
Tag: plan_italian_campaign_wars_price_cost_modifier, Categories: Country, , All, 
Tag: italian_league_sponsor_gold_price_cost_modifier, Categories: Country, , All, 
Tag: italian_league_sponsor_manpower_price_cost_modifier, Categories: Country, , All, 
Tag: intervene_in_italian_campaign_price_cost_modifier, Categories: Country, , All, 
Tag: iw_send_aid_price_cost_modifier, Categories: Country, , All, 
Tag: fortify_key_location_price_cost_modifier, Categories: Country, , All, 
Tag: establish_italian_administration_center_price_cost_modifier, Categories: Country, , All, 
Tag: challenge_league_leadership_price_cost_modifier, Categories: Country, , All, 
Tag: enable_pest_house, Categories: Country, , All, 
Tag: rto_press_claims_price_cost_modifier, Categories: Country, , All, 
Tag: rto_create_uc_bey_cost_modifier, Categories: Country, , All, 
Tag: succession_crisis_price_cost_modifier, Categories: Country, , All, 
Tag: fate_of_phoenix_actions_price_cost_modifier, Categories: Country, , All, 
Tag: loan_icon_price_cost_modifier, Categories: Country, , All, 
Tag: mend_schism_price_cost_modifier, Categories: Country, , All, 
Tag: restore_rome_primacy_price_cost_modifier, Categories: Country, , All, 
Tag: reestablish_hellenism_price_cost_modifier, Categories: Country, , All, 
Tag: assign_despot_price_cost_modifier, Categories: Country, , All, 
Tag: compose_strategikon_price_cost_modifier, Categories: Country, , All, 
Tag: castrate_character_price_cost_modifier, Categories: Country, , All, 
Tag: blind_character_price_cost_modifier, Categories: Country, , All, 
Tag: wotr_action_price_cost_modifier, Categories: Country, , All, 
Tag: peasants_war_actions_price_cost_modifier, Categories: Country, , All, 
Tag: rise_of_the_szlachta_actions_price_cost_modifier, Categories: Country, , All, 
Tag: religious_turmoil_actions_price_cost_modifier, Categories: Country, , All, 
Tag: seek_relations_with_the_byzantines_price_cost_modifier, Categories: Country, , All, 
Tag: examine_our_fortifications_price_cost_modifier, Categories: Country, , All, 
Tag: offer_diplomatic_protection_price_cost_modifier, Categories: Country, , All, 
Tag: invade_neighbor_beylik_price_cost_modifier, Categories: Country, , All, 
Tag: rot_select_core_region_price_cost_modifier, Categories: Country, , All, 
Tag: rot_reform_into_monarchy_price_cost_modifier, Categories: Country, , All, 
Tag: free_capacity_attracts_pops, Categories: Location, , All, 
Tag: cannot_upgrade_location, Categories: Location, , All, 
Tag: horde_unity_hit_at_ruler_death, Categories: Country, , All, 
Tag: can_promote_mamluks, Categories: Country, , All, 
Tag: can_build_mamluk_barracks, Categories: Country, , All, 
Tag: army_food_gathering, Categories: Unit, , All, 
Tag: army_food_gathering_modifier, Categories: Unit, , All, 
Tag: tribes_estate_blocked_from_cabinet, Categories: Country, , All, 
Tag: cossacks_estate_blocked_from_cabinet, Categories: Country, , All, 
Tag: crown_estate_blocked_from_cabinet, Categories: Country, , All, 
Tag: nobles_estate_blocked_from_cabinet, Categories: Country, , All, 
Tag: clergy_estate_blocked_from_cabinet, Categories: Country, , All, 
Tag: burghers_estate_blocked_from_cabinet, Categories: Country, , All, 
Tag: peasants_estate_blocked_from_cabinet, Categories: Country, , All, 
Tag: dhimmi_estate_blocked_from_cabinet, Categories: Country, , All, 
Tag: tribes_estate_allowed_in_cabinet, Categories: Country, , All, 
Tag: cossacks_estate_allowed_in_cabinet, Categories: Country, , All, 
Tag: crown_estate_allowed_in_cabinet, Categories: Country, , All, 
Tag: nobles_estate_allowed_in_cabinet, Categories: Country, , All, 
Tag: clergy_estate_allowed_in_cabinet, Categories: Country, , All, 
Tag: burghers_estate_allowed_in_cabinet, Categories: Country, , All, 
Tag: peasants_estate_allowed_in_cabinet, Categories: Country, , All, 
Tag: dhimmi_estate_allowed_in_cabinet, Categories: Country, , All, 
Tag: tribes_estate_blocked_from_leading_military, Categories: Country, , All, 
Tag: cossacks_estate_blocked_from_leading_military, Categories: Country, , All, 
Tag: crown_estate_blocked_from_leading_military, Categories: Country, , All, 
Tag: nobles_estate_blocked_from_leading_military, Categories: Country, , All, 
Tag: clergy_estate_blocked_from_leading_military, Categories: Country, , All, 
Tag: burghers_estate_blocked_from_leading_military, Categories: Country, , All, 
Tag: peasants_estate_blocked_from_leading_military, Categories: Country, , All, 
Tag: dhimmi_estate_blocked_from_leading_military, Categories: Country, , All, 
Tag: tribes_estate_allowed_leading_military, Categories: Country, , All, 
Tag: cossacks_estate_allowed_leading_military, Categories: Country, , All, 
Tag: crown_estate_allowed_leading_military, Categories: Country, , All, 
Tag: nobles_estate_allowed_leading_military, Categories: Country, , All, 
Tag: clergy_estate_allowed_leading_military, Categories: Country, , All, 
Tag: burghers_estate_allowed_leading_military, Categories: Country, , All, 
Tag: peasants_estate_allowed_leading_military, Categories: Country, , All, 
Tag: dhimmi_estate_allowed_leading_military, Categories: Country, , All, 
Tag: tribes_estate_allowed_to_build_roads, Categories: Country, , All, 
Tag: cossacks_estate_allowed_to_build_roads, Categories: Country, , All, 
Tag: crown_estate_allowed_to_build_roads, Categories: Country, , All, 
Tag: nobles_estate_allowed_to_build_roads, Categories: Country, , All, 
Tag: clergy_estate_allowed_to_build_roads, Categories: Country, , All, 
Tag: burghers_estate_allowed_to_build_roads, Categories: Country, , All, 
Tag: peasants_estate_allowed_to_build_roads, Categories: Country, , All, 
Tag: dhimmi_estate_allowed_to_build_roads, Categories: Country, , All, 
Tag: tribes_estate_allowed_to_build_rgo, Categories: Country, , All, 
Tag: cossacks_estate_allowed_to_build_rgo, Categories: Country, , All, 
Tag: crown_estate_allowed_to_build_rgo, Categories: Country, , All, 
Tag: nobles_estate_allowed_to_build_rgo, Categories: Country, , All, 
Tag: clergy_estate_allowed_to_build_rgo, Categories: Country, , All, 
Tag: burghers_estate_allowed_to_build_rgo, Categories: Country, , All, 
Tag: peasants_estate_allowed_to_build_rgo, Categories: Country, , All, 
Tag: dhimmi_estate_allowed_to_build_rgo, Categories: Country, , All, 
Tag: ignore_gender_block_leader, Categories: Character, , All, 
Tag: block_male_leader, Categories: Country, , All, 
Tag: block_female_leader, Categories: Country, , All, 
Tag: allow_male_leader, Categories: Country, , All, 
Tag: allow_female_leader, Categories: Country, , All, 
Tag: ignore_gender_block_cabinet, Categories: Character, , All, 
Tag: block_male_cabinet, Categories: Country, , All, 
Tag: block_female_cabinet, Categories: Country, , All, 
Tag: allow_male_cabinet, Categories: Country, , All, 
Tag: allow_female_cabinet, Categories: Country, , All, 
Tag: can_build_kurmina_headquarter, Categories: Country, , All, 
Tag: christian_tenet_price_cost_modifier, Categories: Country, , All, 
Tag: jurchen_confederation_law_price_cost_modifier, Categories: Country, , All, 
Tag: allow_tributary_subject, Categories: Country, , All, 
Tag: enable_black_market_buildings, Categories: Country, , All, 
Tag: enable_pronoia_subject, Categories: Country, , All, 
Tag: send_diplomat_cost_modifier, Categories: Country, , All, 
Tag: abandon_piracy_cost_modifier, Categories: Country, , All, 
Tag: violate_treaty_of_tordesillas_cost_modifier, Categories: Country, , All, 
Tag: tordesillas_claim_area_price_cost_modifier, Categories: Country, , All, 
Tag: tordesillas_swap_sides_cost_modifier, Categories: Country, , All, 
Tag: tordesillas_move_the_line_cost_modifier, Categories: Country, , All, 
Tag: tordesillas_claim_conflicting_area_price_cost_modifier, Categories: Country, , All, 
Tag: tordesillas_push_to_settle_treaty_cost_modifier, Categories: Country, , All, 
Tag: tordesillas_upheld_treaty_relevance_cost_modifier, Categories: Country, , All, 
Tag: tordesillas_revoke_claim_cost_modifier, Categories: Country, , All, 
Tag: tordesillas_demand_transfer_colony_cost_modifier, Categories: Country, , All, 
Tag: tordesillas_swap_claim_cost_modifier, Categories: Country, , All, 
Tag: migrate_to_new_waters_cost_modifier, Categories: Country, , All, 
Tag: move_good_to_new_location_cost_modifier, Categories: Country, , All, 
Tag: complacent_decline_actions_price_cost_modifier, Categories: Country, , All, 
Tag: learn_from_foreigners_cost_modifier, Categories: Country, , All, 
Tag: absorb_institutions_cost_modifier, Categories: Country, , All, 
Tag: slave_market_max_level, Categories: Country, , All, 
Tag: aqueduct_system_max_level, Categories: Country, , All, 
Tag: allow_diplomacy_force_embargo, Categories: Country, , All, 
Tag: allow_cabinet_naval_focus, Categories: Country, , All, 
Tag: allow_diplomacy_violate_sovereignty, Categories: Country, , All, 
Tag: allow_cabinet_soldiers_as_workforce, Categories: Country, , All, 
Tag: allow_diplomacy_force_divert_trade, Categories: Country, , All, 
Tag: allow_cabinet_reduced_paperwork, Categories: Country, , All, 
Tag: allow_diplomacy_force_change_court_language, Categories: Country, , All, 
Tag: allow_cabinet_assimilate_area, Categories: Country, , All, 
Tag: allow_diplomacy_influence_nation, Categories: Country, , All, 
Tag: allow_cabinet_diplomatic_corps, Categories: Country, , All, 
Tag: seek_alliance_with_overlord_rival_cost_modifier, Categories: Country, , All, 
Tag: declare_independence_war_cost_modifier, Categories: Country, , All, 
Tag: give_colony_representation_cost_modifier, Categories: Country, , All, 
Tag: establish_goods_act_cost_modifier, Categories: Country, , All, 
Tag: aid_colonial_war_cost_modifier, Categories: Country, , All, 
Tag: give_colony_rebellion_support_cost_modifier, Categories: Country, , All, 
Tag: allow_assembly_parliament, Categories: Country, , All, 
Tag: allow_council_parliament, Categories: Country, , All, 
Tag: allow_estate_parliament, Categories: Country, , All, 
Tag: allow_autocratic_parliament, Categories: Country, , All, 
Tag: allow_constitutional_parliament, Categories: Country, , All, 
Tag: reach_compromise_with_huguenots_price_cost_modifier, Categories: Country, , All, 
Tag: can_assign_governors, Categories: Country, , All, 
Tag: take_on_debt_cost_modifier, Categories: Country, , All, 
Tag: available_organization_parliament_agendas, Categories: InternationalOrganization, , All, 
Tag: emperor_can_participate_in_parliament, Categories: InternationalOrganization, , All, 
Tag: emperor_agenda_impact, Categories: InternationalOrganization, , All, 
Tag: elector_can_participate_in_parliament, Categories: InternationalOrganization, , All, 
Tag: elector_agenda_impact, Categories: InternationalOrganization, , All, 
Tag: archbishop_elector_can_participate_in_parliament, Categories: InternationalOrganization, , All, 
Tag: archbishop_elector_agenda_impact, Categories: InternationalOrganization, , All, 
Tag: free_city_can_participate_in_parliament, Categories: InternationalOrganization, , All, 
Tag: free_city_agenda_impact, Categories: InternationalOrganization, , All, 
Tag: primas_germaniae_can_participate_in_parliament, Categories: InternationalOrganization, , All, 
Tag: primas_germaniae_agenda_impact, Categories: InternationalOrganization, , All, 
Tag: legatus_natus_can_participate_in_parliament, Categories: InternationalOrganization, , All, 
Tag: legatus_natus_agenda_impact, Categories: InternationalOrganization, , All, 
Tag: imperial_prelate_can_participate_in_parliament, Categories: InternationalOrganization, , All, 
Tag: imperial_prelate_agenda_impact, Categories: InternationalOrganization, , All, 
Tag: imperial_prince_can_participate_in_parliament, Categories: InternationalOrganization, , All, 
Tag: imperial_prince_agenda_impact, Categories: InternationalOrganization, , All, 
Tag: imperial_peasant_republic_can_participate_in_parliament, Categories: InternationalOrganization, , All, 
Tag: imperial_peasant_republic_agenda_impact, Categories: InternationalOrganization, , All, 
Tag: curia_can_participate_in_parliament, Categories: InternationalOrganization, , All, 
Tag: curia_agenda_impact, Categories: InternationalOrganization, , All, 
Tag: military_order_can_participate_in_parliament, Categories: InternationalOrganization, , All, 
Tag: military_order_agenda_impact, Categories: InternationalOrganization, , All, 
Tag: bishopric_can_participate_in_parliament, Categories: InternationalOrganization, , All, 
Tag: bishopric_agenda_impact, Categories: InternationalOrganization, , All, 
Tag: ilkhan_claimant_can_participate_in_parliament, Categories: InternationalOrganization, , All, 
Tag: ilkhan_claimant_agenda_impact, Categories: InternationalOrganization, , All, 
Tag: japanese_emperor_can_participate_in_parliament, Categories: InternationalOrganization, , All, 
Tag: japanese_emperor_agenda_impact, Categories: InternationalOrganization, , All, 
Tag: shugo_daimyo_can_participate_in_parliament, Categories: InternationalOrganization, , All, 
Tag: shugo_daimyo_agenda_impact, Categories: InternationalOrganization, , All, 
Tag: lieutenant_can_participate_in_parliament, Categories: InternationalOrganization, , All, 
Tag: lieutenant_agenda_impact, Categories: InternationalOrganization, , All, 
Tag: loyalist_can_participate_in_parliament, Categories: InternationalOrganization, , All, 
Tag: loyalist_agenda_impact, Categories: InternationalOrganization, , All, 
Tag: absentee_can_participate_in_parliament, Categories: InternationalOrganization, , All, 
Tag: absentee_agenda_impact, Categories: InternationalOrganization, , All, 
Tag: high_king_can_participate_in_parliament, Categories: InternationalOrganization, , All, 
Tag: high_king_agenda_impact, Categories: InternationalOrganization, , All, 
Tag: lord_of_ireland_can_participate_in_parliament, Categories: InternationalOrganization, , All, 
Tag: lord_of_ireland_agenda_impact, Categories: InternationalOrganization, , All, 
Tag: celestial_governor_can_participate_in_parliament, Categories: InternationalOrganization, , All, 
Tag: celestial_governor_agenda_impact, Categories: InternationalOrganization, , All, 
Tag: member_can_participate_in_parliament, Categories: InternationalOrganization, , All, 
Tag: member_agenda_impact, Categories: InternationalOrganization, , All, 
Tag: tatar_overlord_can_participate_in_parliament, Categories: InternationalOrganization, , All, 
Tag: tatar_overlord_agenda_impact, Categories: InternationalOrganization, , All, 
Tag: tatar_tax_collector_can_participate_in_parliament, Categories: InternationalOrganization, , All, 
Tag: tatar_tax_collector_agenda_impact, Categories: InternationalOrganization, , All, 
Tag: italian_league_sponsor_can_participate_in_parliament, Categories: InternationalOrganization, , All, 
Tag: italian_league_sponsor_agenda_impact, Categories: InternationalOrganization, , All, 
Tag: senior_partner_can_participate_in_parliament, Categories: InternationalOrganization, , All, 
Tag: senior_partner_agenda_impact, Categories: InternationalOrganization, , All, 
Tag: junior_partner_can_participate_in_parliament, Categories: InternationalOrganization, , All, 
Tag: junior_partner_agenda_impact, Categories: InternationalOrganization, , All, 
Tag: unlock_contribute_to_organization_treasury, Categories: InternationalOrganization, , All, 
Tag: unlock_withdraw_from_organization_treasury, Categories: InternationalOrganization, , All, 
Tag: unlock_hire_cabinet_character_from_member, Categories: InternationalOrganization, , All, 
Tag: unlock_hire_military_leader_from_member, Categories: InternationalOrganization, , All, 
Tag: unlock_hire_artist_from_member, Categories: InternationalOrganization, , All, 
Tag: unlock_force_convert_member, Categories: InternationalOrganization, , All, 
Tag: unlock_align_societal_values_member, Categories: InternationalOrganization, , All, 
Tag: unlock_improve_relations_member, Categories: InternationalOrganization, , All, 
Tag: unlock_invest_in_members_economy, Categories: InternationalOrganization, , All, 
Tag: unlock_invest_in_members_administration, Categories: InternationalOrganization, , All, 
Tag: unlock_invest_in_members_military, Categories: InternationalOrganization, , All, 
Tag: policy_vote_delay, Categories: InternationalOrganization, , All, 
Tag: policy_vote_required_vote_ratio, Categories: InternationalOrganization, , All, 
Tag: character_on_task_modifier, Categories: Country, , All, 
Tag: bias_for_administrative_policies, Categories: Country, , All, 
Tag: bias_for_balanced_policies, Categories: Country, , All, 
Tag: bias_for_colonialist_policies, Categories: Country, , All, 
Tag: bias_for_diplomat_policies, Categories: Country, , All, 
Tag: bias_for_militarist_policies, Categories: Country, , All, 
Tag: bias_for_capitalist_policies, Categories: Country, , All, 
Tag: bias_for_tolerant_policies, Categories: Country, , All, 
Tag: bias_for_spiritualist_policies, Categories: Country, , All, 
Tag: bias_for_scholar_policies, Categories: Country, , All, 
Tag: bias_for_isolationist_policies, Categories: Country, , All, 
Tag: bias_for_patron_of_arts_policies, Categories: Country, , All, 
Tag: reject_subjugation_reasons, Categories: Country, , All, 
Tag: accept_subjugation_reasons, Categories: Country, , All, 
Tag: enforced_internal_peace, Categories: InternationalOrganization, , All, 
Tag: union_integration_level, Categories: InternationalOrganization, , All, 
Tag: hre_max_elector, Categories: InternationalOrganization, , All, 
Tag: hre_max_archbishop_elector, Categories: InternationalOrganization, , All, 
Tag: hre_allow_female_emperors, Categories: InternationalOrganization, , All, 
Tag: hre_enable_leave_hre_peace_treaty, Categories: InternationalOrganization, , All, 
Tag: imperial_ban_allowed, Categories: InternationalOrganization, , All, 
Tag: revoke_privileges_importance_modifier, Categories: Country, , All, 
Tag: revoke_privileges_stability_tolerance, Categories: Country, , All, 
Tag: coup_attempt_disaster_actions_price_cost_modifier, Categories: Country, , All, 
Tag: hyw_main_actions_price_cost_modifier, Categories: Country, , All, 
Tag: revolution_actions_price_cost_modifier, Categories: Country, , All, 
Tag: western_schism_ri_actions_price_cost_modifier, Categories: Country, , All, 
Tag: western_schism_gold_actions_price_cost_modifier, Categories: Country, , All, 
Tag: lia_actions_price_cost_modifier, Categories: Country, , All, 
Tag: direct_excommunication_allowed, Categories: InternationalOrganization, , All, 
Tag: excommunication_disabled, Categories: InternationalOrganization, , All, 
Tag: tatar_yoke_contribution_price_cost_modifier, Categories: Country, , All, 
Tag: tatar_yoke_leader_payments_price_cost_modifier, Categories: Country, , All, 
Tag: uc_bey_pays_cost_modifier, Categories: Country, , All, 
Tag: rebel_monthly_progress, Categories: Rebel, , All, 
Tag: cannot_declare_no_cb_wars_on_members, Categories: InternationalOrganization, , All, 
Tag: blocked_from_changing_heir_selection, Categories: Country, , All, 
Tag: allow_member_call_parliament, Categories: InternationalOrganization, , All, 
Tag: can_call_organization_parliament, Categories: InternationalOrganization, , All, 
Tag: blocked_from_ruling_the_hre, Categories: Character, , All, 
Tag: years_to_annex_members, Categories: InternationalOrganization, , All, 
Tag: enable_annexation_of_members, Categories: InternationalOrganization, , All, 
Tag: monthly_towards_land, Categories: Country, , All, 
Tag: monthly_towards_naval, Categories: Country, , All, 
Tag: monthly_towards_centralization, Categories: Country, , All, 
Tag: monthly_towards_decentralization, Categories: Country, , All, 
Tag: monthly_towards_innovative, Categories: Country, , All, 
Tag: monthly_towards_traditionalist, Categories: Country, , All, 
Tag: monthly_towards_humanist, Categories: Country, , All, 
Tag: monthly_towards_spiritualist, Categories: Country, , All, 
Tag: monthly_towards_aristocracy, Categories: Country, , All, 
Tag: monthly_towards_plutocracy, Categories: Country, , All, 
Tag: monthly_towards_serfdom, Categories: Country, , All, 
Tag: monthly_towards_free_subjects, Categories: Country, , All, 
Tag: monthly_towards_mercantilism, Categories: Country, , All, 
Tag: monthly_towards_free_trade, Categories: Country, , All, 
Tag: monthly_towards_belligerent, Categories: Country, , All, 
Tag: monthly_towards_conciliatory, Categories: Country, , All, 
Tag: monthly_towards_quality, Categories: Country, , All, 
Tag: monthly_towards_quantity, Categories: Country, , All, 
Tag: monthly_towards_offensive, Categories: Country, , All, 
Tag: monthly_towards_defensive, Categories: Country, , All, 
Tag: monthly_towards_capital_economy, Categories: Country, , All, 
Tag: monthly_towards_traditional_economy, Categories: Country, , All, 
Tag: monthly_towards_individualism, Categories: Country, , All, 
Tag: monthly_towards_communalism, Categories: Country, , All, 
Tag: monthly_towards_outward, Categories: Country, , All, 
Tag: monthly_towards_inward, Categories: Country, , All, 
Tag: monthly_towards_sinicized, Categories: Country, , All, 
Tag: monthly_towards_unsinicized, Categories: Country, , All, 
Tag: monthly_towards_liberalism, Categories: Country, , All, 
Tag: monthly_towards_absolutism, Categories: Country, , All, 
Tag: monthly_towards_mysticism, Categories: Country, , All, 
Tag: monthly_towards_jurisprudence, Categories: Country, , All, 
Tag: monthly_towards_latinization, Categories: Country, , All, 
Tag: monthly_towards_hellenization, Categories: Country, , All, 
Tag: disallows_female_rulers, Categories: Country, , All, 
Tag: diplomatic_upkeep_efficiency, Categories: Country, , All, 
Tag: global_bureaucracy_implementation_efficiency, Categories: Country, , All, 
Tag: global_bureaucracy_removal_efficiency, Categories: Country, , All, 
Tag: global_bureaucracy_maintenance_efficiency, Categories: Country, , All, 
Tag: global_bureaucracy_entrenchment_speed_modifier, Categories: Country, , All, 
Tag: global_max_bureaucracy_slots, Categories: Country, , All, 
Tag: allow_bureaucracy, Categories: Country, , All, 
Tag: country_allow_canonization, Categories: Country, , All, 
Tag: building_owner_overlord_maritime_presence, Categories: Location, , All, 
Tag: gold_to_building_owner_overlord, Categories: Location, , All, 
Tag: scaled_gold_to_building_owner_overlord, Categories: Location, , All, 
Tag: number_of_satellite_trade_buildings, Categories: Country, , All, 
Tag: trade_company_headquarters_level, Categories: Country, , All, 
Tag: is_senior_partner, Categories: Country, , All, 
Tag: hre_emperor_comfort_policies_counter, Categories: InternationalOrganization, , All, 
Tag: enabled_negotiate_succession_law, Categories: InternationalOrganization, , All, 
Tag: enabled_union_enforcement_actions, Categories: InternationalOrganization, , All, 
Tag: country_bans_saffron_shirts, Categories: Country, , All, 
Tag: country_can_use_lordship_of_ireland_cb, Categories: Country, , All, 
Tag: country_marriage_banned, Categories: Country, , All, 
Tag: country_celtic_marriage_banned, Categories: Country, , All, 
Tag: num_of_cataphracts_modifier, Categories: Country, , All, 
Tag: lordship_of_ireland_casus_belli_cost_modifier, Categories: Country, , All, 
Tag: lordship_of_ireland_invite_planters_cost_modifier, Categories: Country, , All, 
Tag: lordship_of_ireland_form_kingdom_cost_modifier, Categories: Country, , All, 
Tag: high_kingship_reclaim_land_cost_modifier, Categories: Country, , All, 
Tag: high_kingship_overthrow_cost_modifier, Categories: Country, , All, 
Tag: high_kingship_subjugate_member_cost_modifier, Categories: Country, , All, 
Tag: forbid_multiple_policies_vote, Categories: InternationalOrganization, , All, 
Tag: union_allowed_enforce_peace, Categories: InternationalOrganization, , All, 
Tag: union_unlock_rein_in_junior_diplomacy, Categories: InternationalOrganization, , All, 
Tag: unlock_prikazi_reform_cabinet_actions, Categories: Country, , All, 
Tag: allow_nobility_fortifications, Categories: Country, , All, 
Tag: allow_noble_villa, Categories: Country, , All, 
Tag: allow_local_noble_delegation, Categories: Country, , All, 
Tag: allow_nobles_recruitment_center, Categories: Country, , All, 
Tag: allow_clerical_archives, Categories: Country, , All, 
Tag: allow_warrior_monks_training_grounds, Categories: Country, , All, 
Tag: allow_guild_hall, Categories: Country, , All, 
Tag: allow_peasants_training_grounds, Categories: Country, , All, 
Tag: allow_peasants_hunting_grounds, Categories: Country, , All, 
Tag: allow_dun_fort, Categories: Country, , All, 
Tag: allow_ville_franche_town_rights, Categories: Country, , All, 
Tag: allow_magdeburg_rights_town_rights, Categories: Country, , All, 
Tag: allow_nuremberg_rights_town_rights, Categories: Country, , All, 
Tag: allow_kulm_town_rights, Categories: Country, , All, 
Tag: allow_novi_fori_town_rights, Categories: Country, , All, 
Tag: block_forums_of_thought, Categories: Country, , All, 
Tag: allow_theocratic_education, Categories: Country, , All, 
Tag: allow_apprenticeships_education, Categories: Country, , All, 
Tag: allow_guilds_of_florence_law, Categories: Country, , All, 
Tag: allow_military_order_units, Categories: Country, , All, 
Tag: cannot_be_subjugated, Categories: Country, , All, 
Tag: global_slave_pop_satisfaction, Categories: Country, , All, 
Tag: local_slave_pop_satisfaction, Categories: Location, , All, 
Tag: flatland_proximity_impact, Categories: Country, , All, 
Tag: mountains_proximity_impact, Categories: Country, , All, 
Tag: hills_proximity_impact, Categories: Country, , All, 
Tag: plateau_proximity_impact, Categories: Country, , All, 
Tag: wetlands_proximity_impact, Categories: Country, , All, 
Tag: ocean_proximity_impact, Categories: Country, , All, 
Tag: deep_ocean_proximity_impact, Categories: Country, , All, 
Tag: coastal_ocean_proximity_impact, Categories: Country, , All, 
Tag: inland_sea_proximity_impact, Categories: Country, , All, 
Tag: narrows_proximity_impact, Categories: Country, , All, 
Tag: lakes_proximity_impact, Categories: Country, , All, 
Tag: high_lakes_proximity_impact, Categories: Country, , All, 
Tag: salt_pans_proximity_impact, Categories: Country, , All, 
Tag: atoll_proximity_impact, Categories: Country, , All, 
Tag: flatland_wasteland_proximity_impact, Categories: Country, , All, 
Tag: hills_wasteland_proximity_impact, Categories: Country, , All, 
Tag: plateau_wasteland_proximity_impact, Categories: Country, , All, 
Tag: wetlands_wasteland_proximity_impact, Categories: Country, , All, 
Tag: dune_wasteland_proximity_impact, Categories: Country, , All, 
Tag: mesa_wasteland_proximity_impact, Categories: Country, , All, 
Tag: mountain_wasteland_proximity_impact, Categories: Country, , All, 
Tag: ocean_wasteland_proximity_impact, Categories: Country, , All, 
Tag: horses_impacts_inflation, Categories: Country, , All, 
Tag: clay_impacts_inflation, Categories: Country, , All, 
Tag: sand_impacts_inflation, Categories: Country, , All, 
Tag: coal_impacts_inflation, Categories: Country, , All, 
Tag: iron_impacts_inflation, Categories: Country, , All, 
Tag: copper_impacts_inflation, Categories: Country, , All, 
Tag: goods_gold_impacts_inflation, Categories: Country, , All, 
Tag: silver_impacts_inflation, Categories: Country, , All, 
Tag: stone_impacts_inflation, Categories: Country, , All, 
Tag: tin_impacts_inflation, Categories: Country, , All, 
Tag: lead_impacts_inflation, Categories: Country, , All, 
Tag: silk_impacts_inflation, Categories: Country, , All, 
Tag: dyes_impacts_inflation, Categories: Country, , All, 
Tag: incense_impacts_inflation, Categories: Country, , All, 
Tag: tea_impacts_inflation, Categories: Country, , All, 
Tag: cocoa_impacts_inflation, Categories: Country, , All, 
Tag: coffee_impacts_inflation, Categories: Country, , All, 
Tag: fiber_crops_impacts_inflation, Categories: Country, , All, 
Tag: ivory_impacts_inflation, Categories: Country, , All, 
Tag: lumber_impacts_inflation, Categories: Country, , All, 
Tag: salt_impacts_inflation, Categories: Country, , All, 
Tag: medicaments_impacts_inflation, Categories: Country, , All, 
Tag: gems_impacts_inflation, Categories: Country, , All, 
Tag: pearls_impacts_inflation, Categories: Country, , All, 
Tag: amber_impacts_inflation, Categories: Country, , All, 
Tag: saltpeter_impacts_inflation, Categories: Country, , All, 
Tag: alum_impacts_inflation, Categories: Country, , All, 
Tag: wine_impacts_inflation, Categories: Country, , All, 
Tag: elephants_impacts_inflation, Categories: Country, , All, 
Tag: marble_impacts_inflation, Categories: Country, , All, 
Tag: mercury_impacts_inflation, Categories: Country, , All, 
Tag: saffron_impacts_inflation, Categories: Country, , All, 
Tag: pepper_impacts_inflation, Categories: Country, , All, 
Tag: cloves_impacts_inflation, Categories: Country, , All, 
Tag: chili_impacts_inflation, Categories: Country, , All, 
Tag: cotton_impacts_inflation, Categories: Country, , All, 
Tag: sugar_impacts_inflation, Categories: Country, , All, 
Tag: tobacco_impacts_inflation, Categories: Country, , All, 
Tag: tar_impacts_inflation, Categories: Country, , All, 
Tag: porcelain_impacts_inflation, Categories: Country, , All, 
Tag: naval_supplies_impacts_inflation, Categories: Country, , All, 
Tag: firearms_impacts_inflation, Categories: Country, , All, 
Tag: cannons_impacts_inflation, Categories: Country, , All, 
Tag: weaponry_impacts_inflation, Categories: Country, , All, 
Tag: glass_impacts_inflation, Categories: Country, , All, 
Tag: steel_impacts_inflation, Categories: Country, , All, 
Tag: cloth_impacts_inflation, Categories: Country, , All, 
Tag: fine_cloth_impacts_inflation, Categories: Country, , All, 
Tag: liquor_impacts_inflation, Categories: Country, , All, 
Tag: beer_impacts_inflation, Categories: Country, , All, 
Tag: paper_impacts_inflation, Categories: Country, , All, 
Tag: books_impacts_inflation, Categories: Country, , All, 
Tag: jewelry_impacts_inflation, Categories: Country, , All, 
Tag: leather_impacts_inflation, Categories: Country, , All, 
Tag: tools_impacts_inflation, Categories: Country, , All, 
Tag: masonry_impacts_inflation, Categories: Country, , All, 
Tag: lacquerware_impacts_inflation, Categories: Country, , All, 
Tag: pottery_impacts_inflation, Categories: Country, , All, 
Tag: furniture_impacts_inflation, Categories: Country, , All, 
Tag: wool_impacts_inflation, Categories: Country, , All, 
Tag: wild_game_impacts_inflation, Categories: Country, , All, 
Tag: fur_impacts_inflation, Categories: Country, , All, 
Tag: fish_impacts_inflation, Categories: Country, , All, 
Tag: wheat_impacts_inflation, Categories: Country, , All, 
Tag: maize_impacts_inflation, Categories: Country, , All, 
Tag: rice_impacts_inflation, Categories: Country, , All, 
Tag: millet_impacts_inflation, Categories: Country, , All, 
Tag: legumes_impacts_inflation, Categories: Country, , All, 
Tag: potato_impacts_inflation, Categories: Country, , All, 
Tag: livestock_impacts_inflation, Categories: Country, , All, 
Tag: olives_impacts_inflation, Categories: Country, , All, 
Tag: fruit_impacts_inflation, Categories: Country, , All, 
Tag: beeswax_impacts_inflation, Categories: Country, , All, 
Tag: slaves_goods_impacts_inflation, Categories: Country, , All, 
Tag: horses_used_for_minting, Categories: Country, , All, 
Tag: clay_used_for_minting, Categories: Country, , All, 
Tag: sand_used_for_minting, Categories: Country, , All, 
Tag: coal_used_for_minting, Categories: Country, , All, 
Tag: iron_used_for_minting, Categories: Country, , All, 
Tag: copper_used_for_minting, Categories: Country, , All, 
Tag: goods_gold_used_for_minting, Categories: Country, , All, 
Tag: silver_used_for_minting, Categories: Country, , All, 
Tag: stone_used_for_minting, Categories: Country, , All, 
Tag: tin_used_for_minting, Categories: Country, , All, 
Tag: lead_used_for_minting, Categories: Country, , All, 
Tag: silk_used_for_minting, Categories: Country, , All, 
Tag: dyes_used_for_minting, Categories: Country, , All, 
Tag: incense_used_for_minting, Categories: Country, , All, 
Tag: tea_used_for_minting, Categories: Country, , All, 
Tag: cocoa_used_for_minting, Categories: Country, , All, 
Tag: coffee_used_for_minting, Categories: Country, , All, 
Tag: fiber_crops_used_for_minting, Categories: Country, , All, 
Tag: ivory_used_for_minting, Categories: Country, , All, 
Tag: lumber_used_for_minting, Categories: Country, , All, 
Tag: salt_used_for_minting, Categories: Country, , All, 
Tag: medicaments_used_for_minting, Categories: Country, , All, 
Tag: gems_used_for_minting, Categories: Country, , All, 
Tag: pearls_used_for_minting, Categories: Country, , All, 
Tag: amber_used_for_minting, Categories: Country, , All, 
Tag: saltpeter_used_for_minting, Categories: Country, , All, 
Tag: alum_used_for_minting, Categories: Country, , All, 
Tag: wine_used_for_minting, Categories: Country, , All, 
Tag: elephants_used_for_minting, Categories: Country, , All, 
Tag: marble_used_for_minting, Categories: Country, , All, 
Tag: mercury_used_for_minting, Categories: Country, , All, 
Tag: saffron_used_for_minting, Categories: Country, , All, 
Tag: pepper_used_for_minting, Categories: Country, , All, 
Tag: cloves_used_for_minting, Categories: Country, , All, 
Tag: chili_used_for_minting, Categories: Country, , All, 
Tag: cotton_used_for_minting, Categories: Country, , All, 
Tag: sugar_used_for_minting, Categories: Country, , All, 
Tag: tobacco_used_for_minting, Categories: Country, , All, 
Tag: tar_used_for_minting, Categories: Country, , All, 
Tag: porcelain_used_for_minting, Categories: Country, , All, 
Tag: naval_supplies_used_for_minting, Categories: Country, , All, 
Tag: firearms_used_for_minting, Categories: Country, , All, 
Tag: cannons_used_for_minting, Categories: Country, , All, 
Tag: weaponry_used_for_minting, Categories: Country, , All, 
Tag: glass_used_for_minting, Categories: Country, , All, 
Tag: steel_used_for_minting, Categories: Country, , All, 
Tag: cloth_used_for_minting, Categories: Country, , All, 
Tag: fine_cloth_used_for_minting, Categories: Country, , All, 
Tag: liquor_used_for_minting, Categories: Country, , All, 
Tag: beer_used_for_minting, Categories: Country, , All, 
Tag: paper_used_for_minting, Categories: Country, , All, 
Tag: books_used_for_minting, Categories: Country, , All, 
Tag: jewelry_used_for_minting, Categories: Country, , All, 
Tag: leather_used_for_minting, Categories: Country, , All, 
Tag: tools_used_for_minting, Categories: Country, , All, 
Tag: masonry_used_for_minting, Categories: Country, , All, 
Tag: lacquerware_used_for_minting, Categories: Country, , All, 
Tag: pottery_used_for_minting, Categories: Country, , All, 
Tag: furniture_used_for_minting, Categories: Country, , All, 
Tag: wool_used_for_minting, Categories: Country, , All, 
Tag: wild_game_used_for_minting, Categories: Country, , All, 
Tag: fur_used_for_minting, Categories: Country, , All, 
Tag: fish_used_for_minting, Categories: Country, , All, 
Tag: wheat_used_for_minting, Categories: Country, , All, 
Tag: maize_used_for_minting, Categories: Country, , All, 
Tag: rice_used_for_minting, Categories: Country, , All, 
Tag: millet_used_for_minting, Categories: Country, , All, 
Tag: legumes_used_for_minting, Categories: Country, , All, 
Tag: potato_used_for_minting, Categories: Country, , All, 
Tag: livestock_used_for_minting, Categories: Country, , All, 
Tag: olives_used_for_minting, Categories: Country, , All, 
Tag: fruit_used_for_minting, Categories: Country, , All, 
Tag: beeswax_used_for_minting, Categories: Country, , All, 
Tag: slaves_goods_used_for_minting, Categories: Country, , All, 
Tag: improve_our_cultural_view_price_cost_modifier, Categories: Country, , All, 
Tag: provoke_rebels_price_cost_modifier, Categories: Country, , All, 
Tag: transfer_subject_price_cost_modifier, Categories: Country, , All, 
Tag: merge_colonies_price_cost_modifier, Categories: Country, , All, 
Tag: global_estate_satisfaction_from_legitimacy, Categories: Country, , All, 
Tag: may_hire_eunuch_advisors, Categories: Country, , All, 
Tag: train_general_ability, Categories: Country, , All, 
Tag: train_admiral_ability, Categories: Country, , All, 
Tag: frankokratia_vassal_state_may_declare_war, Categories: Country, , All, 
Tag: lat_access_to_reconquest_cb, Categories: Country, , All, 
Tag: lat_access_to_latin_reintegration_cabinet, Categories: Country, , All, 
Tag: monthly_nahualt_reform_progress, Categories: Country, , All, 
Tag: trust_recovery, Categories: Country, , All, 
Tag: trust_decay, Categories: Country, , All, 
Tag: local_lutheranism_movement_growth_modifier, Categories: Location, , All, 
Tag: national_lutheranism_movement_growth_modifier, Categories: Country, , All, 
Tag: local_lutheranism_movement_resistance_modifier, Categories: Location, , All, 
Tag: national_lutheranism_movement_resistance_modifier, Categories: Country, , All, 
Tag: local_calvinism_movement_growth_modifier, Categories: Location, , All, 
Tag: national_calvinism_movement_growth_modifier, Categories: Country, , All, 
Tag: local_calvinism_movement_resistance_modifier, Categories: Location, , All, 
Tag: national_calvinism_movement_resistance_modifier, Categories: Country, , All, 
Tag: twilight_of_the_tsardom_disaster_actions_price_cost_modifier, Categories: Country, , All, 
Tag: num_italian_administrations, Categories: Country, , All, 
Tag: sponsor_the_reformation_cost_modifier, Categories: Country, , All, 
Tag: crown_estate_power_from_cabinet, Categories: Country, , All, 
Tag: nobles_estate_power_from_cabinet, Categories: Country, , All, 
Tag: clergy_estate_power_from_cabinet, Categories: Country, , All, 
Tag: burghers_estate_power_from_cabinet, Categories: Country, , All, 
Tag: peasants_estate_power_from_cabinet, Categories: Country, , All, 
Tag: dhimmi_estate_power_from_cabinet, Categories: Country, , All, 
Tag: tribes_estate_power_from_cabinet, Categories: Country, , All, 
Tag: cossacks_estate_power_from_cabinet, Categories: Country, , All, 
Tag: contact_patriarch_of_constantinople_cost_modifier, Categories: Country, , All, 
Tag: maintain_bureaucracy_price_cost_modifier, Categories: Country, , All, 
Tag: remove_bureaucracy_price_cost_modifier, Categories: Country, , All, 
Tag: implement_bureaucracy_price_cost_modifier, Categories: Country, , All, 
Tag: allow_roman_movement, Categories: Country, , All, 
Tag: global_roman_culture_movement_resistance_modifier, Categories: Movement, , All, 
Tag: national_roman_culture_movement_resistance_modifier, Categories: Country, , All, 
Tag: local_roman_culture_movement_resistance_modifier, Categories: Location, , All, 
Tag: global_roman_culture_movement_growth_modifier, Categories: Movement, , All, 
Tag: national_roman_culture_movement_growth_modifier, Categories: Country, , All, 
Tag: local_roman_culture_movement_growth_modifier, Categories: Location, , All, 
Tag: local_hellenism_religion_movement_impact_modifier, Categories: Location, , All, 
Tag: global_hellenism_religion_movement_resistance_modifier, Categories: Movement, , All, 
Tag: national_hellenism_religion_movement_resistance_modifier, Categories: Country, , All, 
Tag: local_hellenism_religion_movement_resistance_modifier, Categories: Location, , All, 
Tag: global_hellenism_religion_movement_growth_modifier, Categories: Movement, , All, 
Tag: national_hellenism_religion_movement_growth_modifier, Categories: Country, , All, 
Tag: local_hellenism_religion_movement_growth_modifier, Categories: Location, , All, 
Tag: nomos_empsychos_bureaucracy_impact_modifier, Categories: Country, , All, 
Tag: honorary_titles_bureaucracy_impact_modifier, Categories: Country, , All, 
Tag: court_eunuchs_bureaucracy_impact_modifier, Categories: Country, , All, 
Tag: ritualistic_court_bureaucracy_impact_modifier, Categories: Country, , All, 
Tag: sixty_books_of_the_basilika_bureaucracy_impact_modifier, Categories: Country, , All, 
Tag: romanitas_bureaucracy_impact_modifier, Categories: Country, , All, 
Tag: imperial_senate_bureaucracy_impact_modifier, Categories: Country, , All, 
Tag: kephalai_bureaucracy_impact_modifier, Categories: Country, , All, 
Tag: magister_militum_bureaucracy_impact_modifier, Categories: Country, , All, 
Tag: themata_bureaucracy_impact_modifier, Categories: Country, , All, 
Tag: allelengyon_bureaucracy_impact_modifier, Categories: Country, , All, 
Tag: board_of_revenue_bureaucracy_impact_modifier, Categories: Country, , All, 
Tag: privy_council_bureaucracy_impact_modifier, Categories: Country, , All, 
Tag: audit_bureau_bureaucracy_impact_modifier, Categories: Country, , All, 
Tag: colonial_office_bureaucracy_impact_modifier, Categories: Country, , All, 
Tag: admiralty_board_bureaucracy_impact_modifier, Categories: Country, , All, 
Tag: foreign_ministry_bureaucracy_impact_modifier, Categories: Country, , All, 
Tag: trade_commission_bureaucracy_impact_modifier, Categories: Country, , All, 
Tag: war_council_bureaucracy_impact_modifier, Categories: Country, , All, 
Tag: ordnance_board_bureaucracy_impact_modifier, Categories: Country, , All, 
Tag: commissariat_bureaucracy_impact_modifier, Categories: Country, , All, 
Tag: central_secretariat_bureaucracy_impact_modifier, Categories: Country, , All, 
Tag: imperial_censorate_bureaucracy_impact_modifier, Categories: Country, , All, 
Tag: six_boards_bureaucracy_impact_modifier, Categories: Country, , All, 
Tag: grand_secretariat_bureaucracy_impact_modifier, Categories: Country, , All, 
Tag: acharya_master_state_bureaucracy_impact_modifier, Categories: Country, , All, 
Tag: adu_barid_bureaucracy_impact_modifier, Categories: Country, , All, 
Tag: adu_dhimma_pact_bureaucracy_impact_modifier, Categories: Country, , All, 
Tag: adu_diwan_al_jund_bureaucracy_impact_modifier, Categories: Country, , All, 
Tag: adu_hijaba_bureaucracy_impact_modifier, Categories: Country, , All, 
Tag: adu_hisba_muhtasib_bureaucracy_impact_modifier, Categories: Country, , All, 
Tag: adu_madinat_al_zahra_bureaucracy_impact_modifier, Categories: Country, , All, 
Tag: adu_qadi_al_jamaa_bureaucracy_impact_modifier, Categories: Country, , All, 
Tag: aeg_diwan_al_mal_bureaucracy_impact_modifier, Categories: Country, , All, 
Tag: aeg_iqta_halqa_bureaucracy_impact_modifier, Categories: Country, , All, 
Tag: aeg_karimi_tujjar_bureaucracy_impact_modifier, Categories: Country, , All, 
Tag: aeg_khidmat_haramayn_bureaucracy_impact_modifier, Categories: Country, , All, 
Tag: aeg_mashyakhat_azhar_bureaucracy_impact_modifier, Categories: Country, , All, 
Tag: ahm_buranji_likchau_bureaucracy_impact_modifier, Categories: Country, , All, 
Tag: ahm_paik_khel_bureaucracy_impact_modifier, Categories: Country, , All, 
Tag: ahm_patro_mantri_sabha_bureaucracy_impact_modifier, Categories: Country, , All, 
Tag: ahm_sattradhikar_mandali_bureaucracy_impact_modifier, Categories: Country, , All, 
Tag: aia_dirah_pasture_bureaucracy_impact_modifier, Categories: Country, , All, 
Tag: aia_diriyah_pact_bureaucracy_impact_modifier, Categories: Country, , All, 
Tag: aia_ibadi_imamate_bureaucracy_impact_modifier, Categories: Country, , All, 
Tag: aia_mocha_customs_bureaucracy_impact_modifier, Categories: Country, , All, 
Tag: aia_sharifate_haramain_bureaucracy_impact_modifier, Categories: Country, , All, 
Tag: aia_zaydi_imamate_bureaucracy_impact_modifier, Categories: Country, , All, 
Tag: air_agadez_sultanate_bureaucracy_impact_modifier, Categories: Country, , All, 
Tag: air_cure_salee_bureaucracy_impact_modifier, Categories: Country, , All, 
Tag: air_ineslemen_tariqat_bureaucracy_impact_modifier, Categories: Country, , All, 
Tag: air_kel_owey_caravan_bureaucracy_impact_modifier, Categories: Country, , All, 
Tag: alm_ahl_al_jamaa_bureaucracy_impact_modifier, Categories: Country, , All, 
Tag: alm_diwan_al_insha_bureaucracy_impact_modifier, Categories: Country, , All, 
Tag: alm_sikka_almohad_bureaucracy_impact_modifier, Categories: Country, , All, 
Tag: alm_talaba_bureaucracy_impact_modifier, Categories: Country, , All, 
Tag: arc_catholicate_of_sis_bureaucracy_impact_modifier, Categories: Country, , All, 
Tag: arc_connetablie_bureaucracy_impact_modifier, Categories: Country, , All, 
Tag: arc_customs_diwan_of_ayas_bureaucracy_impact_modifier, Categories: Country, , All, 
Tag: arc_italian_factors_court_bureaucracy_impact_modifier, Categories: Country, , All, 
Tag: arc_royal_chancery_bureaucracy_impact_modifier, Categories: Country, , All, 
Tag: articulus_tribunal_bureaucracy_impact_modifier, Categories: Country, , All, 
Tag: ate_akwantufo_bureaucracy_impact_modifier, Categories: Country, , All, 
Tag: ate_asantemanhyiamu_bureaucracy_impact_modifier, Categories: Country, , All, 
Tag: ate_daban_treasury_bureaucracy_impact_modifier, Categories: Country, , All, 
Tag: ate_kotoko_adamfo_bureaucracy_impact_modifier, Categories: Country, , All, 
Tag: ate_nhenkwaa_bureaucracy_impact_modifier, Categories: Country, , All, 
Tag: ayu_krom_mahatlek_bureaucracy_impact_modifier, Categories: Country, , All, 
Tag: ayu_krom_tha_bureaucracy_impact_modifier, Categories: Country, , All, 
Tag: ayu_kromakan_asa_bureaucracy_impact_modifier, Categories: Country, , All, 
Tag: ayu_tamruat_phon_bureaucracy_impact_modifier, Categories: Country, , All, 
Tag: ayu_yodfa_elephant_corps_bureaucracy_impact_modifier, Categories: Country, , All, 
Tag: azt_calmecac_schools_bureaucracy_impact_modifier, Categories: Country, , All, 
Tag: azt_calpixqui_tribute_bureaucracy_impact_modifier, Categories: Country, , All, 
Tag: azt_calpulli_wards_bureaucracy_impact_modifier, Categories: Country, , All, 
Tag: azt_cuauhpipiltin_orders_bureaucracy_impact_modifier, Categories: Country, , All, 
Tag: azt_excan_tlatoloyan_bureaucracy_impact_modifier, Categories: Country, , All, 
Tag: azt_pochteca_guild_bureaucracy_impact_modifier, Categories: Country, , All, 
Tag: azt_tlatocan_council_bureaucracy_impact_modifier, Categories: Country, , All, 
Tag: bah_daulatabad_mint_bureaucracy_impact_modifier, Categories: Country, , All, 
Tag: bah_madrasa_mahmud_gawan_bureaucracy_impact_modifier, Categories: Country, , All, 
Tag: bah_sufi_tariqa_patronage_bureaucracy_impact_modifier, Categories: Country, , All, 
Tag: bah_wakil_us_sultanat_bureaucracy_impact_modifier, Categories: Country, , All, 
Tag: ban_pesantren_hierarchy_bureaucracy_impact_modifier, Categories: Country, , All, 
Tag: ban_polyglot_corps_bureaucracy_impact_modifier, Categories: Country, , All, 
Tag: ban_surasoan_karaton_bureaucracy_impact_modifier, Categories: Country, , All, 
Tag: ban_syahbandariate_bureaucracy_impact_modifier, Categories: Country, , All, 
Tag: ban_tumenggung_tributary_bureaucracy_impact_modifier, Categories: Country, , All, 
Tag: bank_of_england_bureaucracy_impact_modifier, Categories: Country, , All, 
Tag: bardd_teulu_bureaucracy_impact_modifier, Categories: Country, , All, 
Tag: bardic_schools_bureaucracy_impact_modifier, Categories: Country, , All, 
Tag: basa_ampek_balai_bureaucracy_impact_modifier, Categories: Country, , All, 
Tag: bav_geheimer_rat_bureaucracy_impact_modifier, Categories: Country, , All, 
Tag: bav_geistlicher_rat_bureaucracy_impact_modifier, Categories: Country, , All, 
Tag: bav_hofkammer_bureaucracy_impact_modifier, Categories: Country, , All, 
Tag: bav_hofmark_bureaucracy_impact_modifier, Categories: Country, , All, 
Tag: bav_landstaende_bureaucracy_impact_modifier, Categories: Country, , All, 
Tag: bej_hadariba_wardenship_bureaucracy_impact_modifier, Categories: Country, , All, 
Tag: bej_nazirate_of_dur_bureaucracy_impact_modifier, Categories: Country, , All, 
Tag: bej_silif_council_bureaucracy_impact_modifier, Categories: Country, , All, 
Tag: bej_wadi_allaqi_concession_bureaucracy_impact_modifier, Categories: Country, , All, 
Tag: bel_antwerp_bourse_bureaucracy_impact_modifier, Categories: Country, , All, 
Tag: bel_collateral_councils_bureaucracy_impact_modifier, Categories: Country, , All, 
Tag: bel_etats_de_liege_bureaucracy_impact_modifier, Categories: Country, , All, 
Tag: bel_four_members_bureaucracy_impact_modifier, Categories: Country, , All, 
Tag: bel_great_council_mechelen_bureaucracy_impact_modifier, Categories: Country, , All, 
Tag: bel_joyous_entry_bureaucracy_impact_modifier, Categories: Country, , All, 
Tag: bel_societe_generale_bureaucracy_impact_modifier, Categories: Country, , All, 
Tag: bgp_apostolic_camera_bureaucracy_impact_modifier, Categories: Country, , All, 
Tag: bgp_chambre_des_comptes_bureaucracy_impact_modifier, Categories: Country, , All, 
Tag: bgp_estates_of_burgundy_bureaucracy_impact_modifier, Categories: Country, , All, 
Tag: bgp_golden_fleece_bureaucracy_impact_modifier, Categories: Country, , All, 
Tag: bgp_grande_saunerie_bureaucracy_impact_modifier, Categories: Country, , All, 
Tag: bgp_lyon_fairs_bureaucracy_impact_modifier, Categories: Country, , All, 
Tag: bgp_vigueries_provence_bureaucracy_impact_modifier, Categories: Country, , All, 
Tag: bng_diwan_i_bangala_bureaucracy_impact_modifier, Categories: Country, , All, 
Tag: bng_faujdari_thana_bureaucracy_impact_modifier, Categories: Country, , All, 
Tag: bng_hussain_shahi_patronage_bureaucracy_impact_modifier, Categories: Country, , All, 
Tag: bng_jagat_seth_treasury_bureaucracy_impact_modifier, Categories: Country, , All, 
Tag: bng_naib_nazim_bureaucracy_impact_modifier, Categories: Country, , All, 
Tag: bng_subahdari_chancery_bureaucracy_impact_modifier, Categories: Country, , All, 
Tag: bng_zamindari_settlement_bureaucracy_impact_modifier, Categories: Country, , All, 
Tag: bnh_aramaic_chancery_bureaucracy_impact_modifier, Categories: Country, , All, 
Tag: bnh_catholicate_of_the_east_bureaucracy_impact_modifier, Categories: Country, , All, 
Tag: bnh_maphrianate_of_tagrit_bureaucracy_impact_modifier, Categories: Country, , All, 
Tag: bnh_tur_abdin_defenders_bureaucracy_impact_modifier, Categories: Country, , All, 
Tag: bno_basanga_tribute_bureaucracy_impact_modifier, Categories: Country, , All, 
Tag: bno_lanun_admiralty_bureaucracy_impact_modifier, Categories: Country, , All, 
Tag: bno_pangeran_mining_bureaucracy_impact_modifier, Categories: Country, , All, 
Tag: bno_tuai_rumah_compact_bureaucracy_impact_modifier, Categories: Country, , All, 
Tag: bno_wazir_council_bureaucracy_impact_modifier, Categories: Country, , All, 
Tag: boh_burgrabstvi_prazske_bureaucracy_impact_modifier, Categories: Country, , All, 
Tag: boh_compactata_bureaucracy_impact_modifier, Categories: Country, , All, 
Tag: boh_desky_zemske_bureaucracy_impact_modifier, Categories: Country, , All, 
Tag: boh_kutnohorsky_dekret_bureaucracy_impact_modifier, Categories: Country, , All, 
Tag: boh_obnovene_zrizeni_bureaucracy_impact_modifier, Categories: Country, , All, 
Tag: boh_zemsky_snem_bureaucracy_impact_modifier, Categories: Country, , All, 
Tag: boh_zemsky_soud_bureaucracy_impact_modifier, Categories: Country, , All, 
Tag: bonpo_priesthood_bureaucracy_impact_modifier, Categories: Country, , All, 
Tag: brehon_law_bureaucracy_impact_modifier, Categories: Country, , All, 
Tag: brehon_law_court_bureaucracy_impact_modifier, Categories: Country, , All, 
Tag: buannacht_quartering_bureaucracy_impact_modifier, Categories: Country, , All, 
Tag: byz_eparchate_bureaucracy_impact_modifier, Categories: Country, , All, 
Tag: byz_genikon_logothesion_bureaucracy_impact_modifier, Categories: Country, , All, 
Tag: byz_mesazon_bureaucracy_impact_modifier, Categories: Country, , All, 
Tag: byz_mystikos_chancery_bureaucracy_impact_modifier, Categories: Country, , All, 
Tag: byz_synodos_endemousa_bureaucracy_impact_modifier, Categories: Country, , All, 
Tag: can_captain_of_militia_bureaucracy_impact_modifier, Categories: Country, , All, 
Tag: can_constitutional_assemblies_bureaucracy_impact_modifier, Categories: Country, , All, 
Tag: can_family_compact_bureaucracy_impact_modifier, Categories: Country, , All, 
Tag: can_hbc_charter_bureaucracy_impact_modifier, Categories: Country, , All, 
Tag: can_quebec_act_settlement_bureaucracy_impact_modifier, Categories: Country, , All, 
Tag: can_seigneurial_tenure_bureaucracy_impact_modifier, Categories: Country, , All, 
Tag: cda_consolat_de_mar_bureaucracy_impact_modifier, Categories: Country, , All, 
Tag: cda_generalitat_bureaucracy_impact_modifier, Categories: Country, , All, 
Tag: cda_reial_cancelleria_bureaucracy_impact_modifier, Categories: Country, , All, 
Tag: cda_sommaria_bureaucracy_impact_modifier, Categories: Country, , All, 
Tag: cel_bardic_schools_bureaucracy_impact_modifier, Categories: Country, , All, 
Tag: cel_brehon_law_bureaucracy_impact_modifier, Categories: Country, , All, 
Tag: cel_council_of_the_isles_bureaucracy_impact_modifier, Categories: Country, , All, 
Tag: cel_coyne_and_livery_bureaucracy_impact_modifier, Categories: Country, , All, 
Tag: cel_cyfraith_hywel_bureaucracy_impact_modifier, Categories: Country, , All, 
Tag: cel_stannary_charter_bureaucracy_impact_modifier, Categories: Country, , All, 
Tag: cel_tanistry_bureaucracy_impact_modifier, Categories: Country, , All, 
Tag: chamasi_tea_horse_office_bureaucracy_impact_modifier, Categories: Country, , All, 
Tag: chi_censorate_bureaucracy_impact_modifier, Categories: Country, , All, 
Tag: chi_eunuch_bureau_bureaucracy_impact_modifier, Categories: Country, , All, 
Tag: chi_grand_secretariat_bureaucracy_impact_modifier, Categories: Country, , All, 
Tag: chi_hanlin_academy_bureaucracy_impact_modifier, Categories: Country, , All, 
Tag: chi_keju_examinations_bureaucracy_impact_modifier, Categories: Country, , All, 
Tag: chi_lifan_yuan_bureaucracy_impact_modifier, Categories: Country, , All, 
Tag: chi_six_ministries_bureaucracy_impact_modifier, Categories: Country, , All, 
Tag: clas_communities_bureaucracy_impact_modifier, Categories: Country, , All, 
Tag: communal_storehouses_bureaucracy_impact_modifier, Categories: Country, , All, 
Tag: council_of_the_isles_bureaucracy_impact_modifier, Categories: Country, , All, 
Tag: coyne_and_livery_bureaucracy_impact_modifier, Categories: Country, , All, 
Tag: cpt_altar_lot_bureaucracy_impact_modifier, Categories: Country, , All, 
Tag: cpt_arakhina_purse_bureaucracy_impact_modifier, Categories: Country, , All, 
Tag: cpt_kharaji_year_bureaucracy_impact_modifier, Categories: Country, , All, 
Tag: cpt_zimam_ledgers_bureaucracy_impact_modifier, Categories: Country, , All, 
Tag: cso_censorate_bureaucracy_impact_modifier, Categories: Country, , All, 
Tag: cso_hanlin_academy_bureaucracy_impact_modifier, Categories: Country, , All, 
Tag: cso_jiao_shu_printing_bureaucracy_impact_modifier, Categories: Country, , All, 
Tag: cso_salt_tea_monopoly_bureaucracy_impact_modifier, Categories: Country, , All, 
Tag: cso_song_examinations_bureaucracy_impact_modifier, Categories: Country, , All, 
Tag: cso_three_departments_bureaucracy_impact_modifier, Categories: Country, , All, 
Tag: cso_xinfa_reforms_bureaucracy_impact_modifier, Categories: Country, , All, 
Tag: cth_diwan_al_bahr_bureaucracy_impact_modifier, Categories: Country, , All, 
Tag: cth_diwan_al_insha_bureaucracy_impact_modifier, Categories: Country, , All, 
Tag: cth_qadi_al_jamaa_bureaucracy_impact_modifier, Categories: Country, , All, 
Tag: cth_ribat_network_bureaucracy_impact_modifier, Categories: Country, , All, 
Tag: cth_taife_reisi_bureaucracy_impact_modifier, Categories: Country, , All, 
Tag: curva_tribute_bureaucracy_impact_modifier, Categories: Country, , All, 
Tag: cwmwd_courts_bureaucracy_impact_modifier, Categories: Country, , All, 
Tag: cyfraith_hywel_bureaucracy_impact_modifier, Categories: Country, , All, 
Tag: dah_agojie_corps_bureaucracy_impact_modifier, Categories: Country, , All, 
Tag: dah_migan_mehu_bureaucracy_impact_modifier, Categories: Country, , All, 
Tag: dah_nesuhwe_cult_bureaucracy_impact_modifier, Categories: Country, , All, 
Tag: dah_xwetanu_customs_bureaucracy_impact_modifier, Categories: Country, , All, 
Tag: dah_yovogan_whydah_bureaucracy_impact_modifier, Categories: Country, , All, 
Tag: dal_consilium_rogatorum_bureaucracy_impact_modifier, Categories: Country, , All, 
Tag: dal_officium_sanitatis_bureaucracy_impact_modifier, Categories: Country, , All, 
Tag: dal_statuta_communium_bureaucracy_impact_modifier, Categories: Country, , All, 
Tag: dal_stradioti_levy_bureaucracy_impact_modifier, Categories: Country, , All, 
Tag: dal_tributary_diplomacy_bureaucracy_impact_modifier, Categories: Country, , All, 
Tag: dec_asaf_jahi_subadari_bureaucracy_impact_modifier, Categories: Country, , All, 
Tag: dec_deccani_pardesi_factions_bureaucracy_impact_modifier, Categories: Country, , All, 
Tag: dec_deshmukh_watandari_bureaucracy_impact_modifier, Categories: Country, , All, 
Tag: dec_gawan_centralization_bureaucracy_impact_modifier, Categories: Country, , All, 
Tag: dec_persianate_diwan_bureaucracy_impact_modifier, Categories: Country, , All, 
Tag: dec_tarafdari_system_bureaucracy_impact_modifier, Categories: Country, , All, 
Tag: dec_vijayanagara_nayakas_bureaucracy_impact_modifier, Categories: Country, , All, 
Tag: dlh_diwan_i_insha_bureaucracy_impact_modifier, Categories: Country, , All, 
Tag: dlh_diwan_i_risalat_bureaucracy_impact_modifier, Categories: Country, , All, 
Tag: dlh_diwan_i_wizarat_bureaucracy_impact_modifier, Categories: Country, , All, 
Tag: dlh_naib_i_mulk_bureaucracy_impact_modifier, Categories: Country, , All, 
Tag: dlh_sadr_us_sudur_bureaucracy_impact_modifier, Categories: Country, , All, 
Tag: dlh_shahna_i_mandi_bureaucracy_impact_modifier, Categories: Country, , All, 
Tag: dlh_tughluq_doab_cadaster_bureaucracy_impact_modifier, Categories: Country, , All, 
Tag: drr_diwan_ala_bureaucracy_impact_modifier, Categories: Country, , All, 
Tag: drr_hindki_sarrafs_bureaucracy_impact_modifier, Categories: Country, , All, 
Tag: drr_loya_jirga_bureaucracy_impact_modifier, Categories: Country, , All, 
Tag: drr_naqshbandi_mashaikh_bureaucracy_impact_modifier, Categories: Country, , All, 
Tag: edo_eghaevbo_nogbe_bureaucracy_impact_modifier, Categories: Country, , All, 
Tag: edo_igue_festival_bureaucracy_impact_modifier, Categories: Country, , All, 
Tag: edo_igun_eronmwon_bureaucracy_impact_modifier, Categories: Country, , All, 
Tag: edo_iyase_warcommand_bureaucracy_impact_modifier, Categories: Country, , All, 
Tag: edo_ologboona_residency_bureaucracy_impact_modifier, Categories: Country, , All, 
Tag: edo_uzama_nihinron_bureaucracy_impact_modifier, Categories: Country, , All, 
Tag: egy_al_azhar_bureaucracy_impact_modifier, Categories: Country, , All, 
Tag: egy_amirate_hierarchy_bureaucracy_impact_modifier, Categories: Country, , All, 
Tag: egy_diwan_al_aqbat_bureaucracy_impact_modifier, Categories: Country, , All, 
Tag: egy_diwan_al_jaysh_bureaucracy_impact_modifier, Categories: Country, , All, 
Tag: egy_iqta_system_bureaucracy_impact_modifier, Categories: Country, , All, 
Tag: egy_muhtasib_bureaucracy_impact_modifier, Categories: Country, , All, 
Tag: egy_qadi_al_qudat_bureaucracy_impact_modifier, Categories: Country, , All, 
Tag: eth_abun_metropolitanate_bureaucracy_impact_modifier, Categories: Country, , All, 
Tag: eth_chewa_regiments_bureaucracy_impact_modifier, Categories: Country, , All, 
Tag: eth_echege_debre_libanos_bureaucracy_impact_modifier, Categories: Country, , All, 
Tag: eth_fetha_nagast_bureaucracy_impact_modifier, Categories: Country, , All, 
Tag: eth_gult_rist_tenure_bureaucracy_impact_modifier, Categories: Country, , All, 
Tag: eth_ras_bitwoded_government_bureaucracy_impact_modifier, Categories: Country, , All, 
Tag: eth_solomonic_katama_bureaucracy_impact_modifier, Categories: Country, , All, 
Tag: eur_aulic_council_bureaucracy_impact_modifier, Categories: Country, , All, 
Tag: eur_concert_of_powers_bureaucracy_impact_modifier, Categories: Country, , All, 
Tag: eur_continental_parliament_bureaucracy_impact_modifier, Categories: Country, , All, 
Tag: eur_ecumenical_council_bureaucracy_impact_modifier, Categories: Country, , All, 
Tag: eur_hanseatic_chamber_bureaucracy_impact_modifier, Categories: Country, , All, 
Tag: eur_imperial_diet_bureaucracy_impact_modifier, Categories: Country, , All, 
Tag: eur_monetary_union_bureaucracy_impact_modifier, Categories: Country, , All, 
Tag: exchequer_bureaucracy_impact_modifier, Categories: Country, , All, 
Tag: fin_abo_bishopric_bureaucracy_impact_modifier, Categories: Country, , All, 
Tag: fin_birkarl_lapptribute_bureaucracy_impact_modifier, Categories: Country, , All, 
Tag: fin_hakkapeliitta_levy_bureaucracy_impact_modifier, Categories: Country, , All, 
Tag: fin_haradshovding_ting_bureaucracy_impact_modifier, Categories: Country, , All, 
Tag: fkn_domkapitel_bureaucracy_impact_modifier, Categories: Country, , All, 
Tag: fkn_innerer_rat_bureaucracy_impact_modifier, Categories: Country, , All, 
Tag: fkn_kreistag_bureaucracy_impact_modifier, Categories: Country, , All, 
Tag: fkn_landfrieden_bureaucracy_impact_modifier, Categories: Country, , All, 
Tag: fkn_ritterkanton_bureaucracy_impact_modifier, Categories: Country, , All, 
Tag: galanas_cenedl_bureaucracy_impact_modifier, Categories: Country, , All, 
Tag: gar_zlon_bureaucracy_impact_modifier, Categories: Country, , All, 
Tag: gbu_chambre_des_comptes_bureaucracy_impact_modifier, Categories: Country, , All, 
Tag: gbu_etats_generaux_bureaucracy_impact_modifier, Categories: Country, , All, 
Tag: gbu_grand_conseil_malines_bureaucracy_impact_modifier, Categories: Country, , All, 
Tag: gbu_toison_dor_bureaucracy_impact_modifier, Categories: Country, , All, 
Tag: ger_generaldirektorium_bureaucracy_impact_modifier, Categories: Country, , All, 
Tag: ger_hansetag_bureaucracy_impact_modifier, Categories: Country, , All, 
Tag: ger_reichshofrat_bureaucracy_impact_modifier, Categories: Country, , All, 
Tag: ger_reichskammergericht_bureaucracy_impact_modifier, Categories: Country, , All, 
Tag: ger_reichskreise_bureaucracy_impact_modifier, Categories: Country, , All, 
Tag: ger_sachsenspiegel_bureaucracy_impact_modifier, Categories: Country, , All, 
Tag: ger_zollverein_bureaucracy_impact_modifier, Categories: Country, , All, 
Tag: got_conventus_vicinorum_bureaucracy_impact_modifier, Categories: Country, , All, 
Tag: got_numerarii_bureaucracy_impact_modifier, Categories: Country, , All, 
Tag: got_sacramentum_fidelitatis_bureaucracy_impact_modifier, Categories: Country, , All, 
Tag: got_schola_episcopalis_bureaucracy_impact_modifier, Categories: Country, , All, 
Tag: gre_armatoliki_bureaucracy_impact_modifier, Categories: Country, , All, 
Tag: gre_hagion_oros_bureaucracy_impact_modifier, Categories: Country, , All, 
Tag: gre_kapodistriaka_grammateia_bureaucracy_impact_modifier, Categories: Country, , All, 
Tag: gre_kodjabashides_bureaucracy_impact_modifier, Categories: Country, , All, 
Tag: gre_patriarchikon_bureaucracy_impact_modifier, Categories: Country, , All, 
Tag: gre_phanariotai_bureaucracy_impact_modifier, Categories: Country, , All, 
Tag: guj_begada_fortress_bureaucracy_impact_modifier, Categories: Country, , All, 
Tag: guj_bohra_dawah_bureaucracy_impact_modifier, Categories: Country, , All, 
Tag: guj_darbari_brahmin_bureaucracy_impact_modifier, Categories: Country, , All, 
Tag: guj_khambhat_bandar_bureaucracy_impact_modifier, Categories: Country, , All, 
Tag: guj_mahajan_panchayat_bureaucracy_impact_modifier, Categories: Country, , All, 
Tag: guj_pal_sea_levy_bureaucracy_impact_modifier, Categories: Country, , All, 
Tag: hab_directorium_bureaucracy_impact_modifier, Categories: Country, , All, 
Tag: hab_geheime_konferenz_bureaucracy_impact_modifier, Categories: Country, , All, 
Tag: hab_hofkriegsrat_bureaucracy_impact_modifier, Categories: Country, , All, 
Tag: hab_hungarian_cancellaria_bureaucracy_impact_modifier, Categories: Country, , All, 
Tag: hab_josephinismus_bureaucracy_impact_modifier, Categories: Country, , All, 
Tag: hab_militaergrenze_bureaucracy_impact_modifier, Categories: Country, , All, 
Tag: han_deutsche_kanzlei_bureaucracy_impact_modifier, Categories: Country, , All, 
Tag: han_geheimes_ratskollegium_bureaucracy_impact_modifier, Categories: Country, , All, 
Tag: han_georgia_augusta_bureaucracy_impact_modifier, Categories: Country, , All, 
Tag: han_hannoversches_heer_bureaucracy_impact_modifier, Categories: Country, , All, 
Tag: han_landstaende_bureaucracy_impact_modifier, Categories: Country, , All, 
Tag: han_oberappellationsgericht_bureaucracy_impact_modifier, Categories: Country, , All, 
Tag: hau_alkali_court_bureaucracy_impact_modifier, Categories: Country, , All, 
Tag: hau_birnin_walls_bureaucracy_impact_modifier, Categories: Country, , All, 
Tag: hau_kano_chronicle_bureaucracy_impact_modifier, Categories: Country, , All, 
Tag: hau_maguzawa_compact_bureaucracy_impact_modifier, Categories: Country, , All, 
Tag: hau_sarauta_bureaucracy_impact_modifier, Categories: Country, , All, 
Tag: hau_wangara_diaspora_bureaucracy_impact_modifier, Categories: Country, , All, 
Tag: hejtmane_council_bureaucracy_impact_modifier, Categories: Country, , All, 
Tag: hin_ashta_pradhan_bureaucracy_impact_modifier, Categories: Country, , All, 
Tag: hin_devasthanam_trusts_bureaucracy_impact_modifier, Categories: Country, , All, 
Tag: hin_dharmasastra_council_bureaucracy_impact_modifier, Categories: Country, , All, 
Tag: hin_mahanavami_court_bureaucracy_impact_modifier, Categories: Country, , All, 
Tag: hin_mathadhipati_network_bureaucracy_impact_modifier, Categories: Country, , All, 
Tag: hin_nayankara_system_bureaucracy_impact_modifier, Categories: Country, , All, 
Tag: hin_tirtha_mela_bureaucracy_impact_modifier, Categories: Country, , All, 
Tag: hos_comun_tesoro_bureaucracy_impact_modifier, Categories: Country, , All, 
Tag: hos_council_of_tongues_bureaucracy_impact_modifier, Categories: Country, , All, 
Tag: hos_sacra_infermeria_bureaucracy_impact_modifier, Categories: Country, , All, 
Tag: hos_tribunale_armamenti_bureaucracy_impact_modifier, Categories: Country, , All, 
Tag: ilk_keshig_bureaucracy_impact_modifier, Categories: Country, , All, 
Tag: ilk_maragha_observatory_bureaucracy_impact_modifier, Categories: Country, , All, 
Tag: ilk_mazalim_bureaucracy_impact_modifier, Categories: Country, , All, 
Tag: ilk_sahib_divan_bureaucracy_impact_modifier, Categories: Country, , All, 
Tag: ilk_tax_cadaster_bureaucracy_impact_modifier, Categories: Country, , All, 
Tag: ilk_yarghu_bureaucracy_impact_modifier, Categories: Country, , All, 
Tag: ily_loca_credibilia_bureaucracy_impact_modifier, Categories: Country, , All, 
Tag: ily_sabor_kraljevine_bureaucracy_impact_modifier, Categories: Country, , All, 
Tag: ily_tabula_banalis_bureaucracy_impact_modifier, Categories: Country, , All, 
Tag: ily_visitationes_canonicae_bureaucracy_impact_modifier, Categories: Country, , All, 
Tag: inc_acllahuasi_bureaucracy_impact_modifier, Categories: Country, , All, 
Tag: inc_four_suyu_governorate_bureaucracy_impact_modifier, Categories: Country, , All, 
Tag: inc_mita_levy_bureaucracy_impact_modifier, Categories: Country, , All, 
Tag: inc_mitma_resettlement_bureaucracy_impact_modifier, Categories: Country, , All, 
Tag: inc_panaqa_system_bureaucracy_impact_modifier, Categories: Country, , All, 
Tag: inc_qhapaq_nan_tampu_bureaucracy_impact_modifier, Categories: Country, , All, 
Tag: inc_quipucamayoc_bureaucracy_impact_modifier, Categories: Country, , All, 
Tag: ira_divan_i_ala_bureaucracy_impact_modifier, Categories: Country, , All, 
Tag: ira_ghulam_corps_bureaucracy_impact_modifier, Categories: Country, , All, 
Tag: ira_mamalik_i_mahrusa_bureaucracy_impact_modifier, Categories: Country, , All, 
Tag: ira_mostowfi_bureaucracy_impact_modifier, Categories: Country, , All, 
Tag: ira_qizilbash_uymaq_bureaucracy_impact_modifier, Categories: Country, , All, 
Tag: ira_sadr_us_sudur_bureaucracy_impact_modifier, Categories: Country, , All, 
Tag: ira_tofangchi_corps_bureaucracy_impact_modifier, Categories: Country, , All, 
Tag: iro_clan_mother_council_bureaucracy_impact_modifier, Categories: Country, , All, 
Tag: iro_covenant_chain_protocol_bureaucracy_impact_modifier, Categories: Country, , All, 
Tag: iro_false_face_society_bureaucracy_impact_modifier, Categories: Country, , All, 
Tag: iro_grand_council_at_onondaga_bureaucracy_impact_modifier, Categories: Country, , All, 
Tag: iro_mourning_war_apparatus_bureaucracy_impact_modifier, Categories: Country, , All, 
Tag: iro_wampum_record_office_bureaucracy_impact_modifier, Categories: Country, , All, 
Tag: irq_jahbadhiyya_bureaucracy_impact_modifier, Categories: Country, , All, 
Tag: irq_mirab_nawba_bureaucracy_impact_modifier, Categories: Country, , All, 
Tag: irq_naqib_al_ashraf_bureaucracy_impact_modifier, Categories: Country, , All, 
Tag: irq_soyurghal_bureaucracy_impact_modifier, Categories: Country, , All, 
Tag: ita_accademie_bureaucracy_impact_modifier, Categories: Country, , All, 
Tag: ita_arsenale_di_venezia_bureaucracy_impact_modifier, Categories: Country, , All, 
Tag: ita_casa_di_san_giorgio_bureaucracy_impact_modifier, Categories: Country, , All, 
Tag: ita_condotta_bureaucracy_impact_modifier, Categories: Country, , All, 
Tag: ita_consiglio_dei_dieci_bureaucracy_impact_modifier, Categories: Country, , All, 
Tag: ita_parlamento_siciliano_bureaucracy_impact_modifier, Categories: Country, , All, 
Tag: ita_santo_uffizio_bureaucracy_impact_modifier, Categories: Country, , All, 
Tag: jap_bakuhan_taisei_bureaucracy_impact_modifier, Categories: Country, , All, 
Tag: jap_buke_shohatto_bureaucracy_impact_modifier, Categories: Country, , All, 
Tag: jap_dochu_bugyo_bureaucracy_impact_modifier, Categories: Country, , All, 
Tag: jap_hyojosho_bureaucracy_impact_modifier, Categories: Country, , All, 
Tag: jap_kuge_shohatto_bureaucracy_impact_modifier, Categories: Country, , All, 
Tag: jap_roju_wakadoshiyori_bureaucracy_impact_modifier, Categories: Country, , All, 
Tag: jap_sakoku_nagasaki_bugyo_bureaucracy_impact_modifier, Categories: Country, , All, 
Tag: jap_sankin_kotai_bureaucracy_impact_modifier, Categories: Country, , All, 
Tag: justices_of_the_peace_bureaucracy_impact_modifier, Categories: Country, , All, 
Tag: kaz_ak_suiek_tore_bureaucracy_impact_modifier, Categories: Country, , All, 
Tag: kaz_aksakal_aul_governance_bureaucracy_impact_modifier, Categories: Country, , All, 
Tag: kaz_batyr_war_bands_bureaucracy_impact_modifier, Categories: Country, , All, 
Tag: kaz_jeti_jargy_bureaucracy_impact_modifier, Categories: Country, , All, 
Tag: kaz_three_zhuz_confederation_bureaucracy_impact_modifier, Categories: Country, , All, 
Tag: kbu_council_of_twelve_bureaucracy_impact_modifier, Categories: Country, , All, 
Tag: kbu_kambasokis_compact_bureaucracy_impact_modifier, Categories: Country, , All, 
Tag: kbu_magira_court_bureaucracy_impact_modifier, Categories: Country, , All, 
Tag: kbu_mamlukan_corps_bureaucracy_impact_modifier, Categories: Country, , All, 
Tag: kbu_sayfawa_girgam_bureaucracy_impact_modifier, Categories: Country, , All, 
Tag: khl_bayt_al_hikmah_bureaucracy_impact_modifier, Categories: Country, , All, 
Tag: khl_bayt_al_mal_bureaucracy_impact_modifier, Categories: Country, , All, 
Tag: khl_diwan_al_mazalim_bureaucracy_impact_modifier, Categories: Country, , All, 
Tag: khl_hajj_caravan_bureaucracy_impact_modifier, Categories: Country, , All, 
Tag: khl_pan_islamic_ulama_bureaucracy_impact_modifier, Categories: Country, , All, 
Tag: koj_assises_de_jerusalem_bureaucracy_impact_modifier, Categories: Country, , All, 
Tag: koj_cour_des_bourgeois_bureaucracy_impact_modifier, Categories: Country, , All, 
Tag: koj_haute_cour_bureaucracy_impact_modifier, Categories: Country, , All, 
Tag: koj_latin_patriarchate_bureaucracy_impact_modifier, Categories: Country, , All, 
Tag: koj_military_orders_charter_bureaucracy_impact_modifier, Categories: Country, , All, 
Tag: kon_kanda_council_bureaucracy_impact_modifier, Categories: Country, , All, 
Tag: kon_mwene_provinces_bureaucracy_impact_modifier, Categories: Country, , All, 
Tag: kon_nzimbu_monopoly_bureaucracy_impact_modifier, Categories: Country, , All, 
Tag: kon_royal_chancery_bureaucracy_impact_modifier, Categories: Country, , All, 
Tag: kon_sao_salvador_confraternities_bureaucracy_impact_modifier, Categories: Country, , All, 
Tag: krs_hakim_sancaks_bureaucracy_impact_modifier, Categories: Country, , All, 
Tag: krs_mirate_diwan_bureaucracy_impact_modifier, Categories: Country, , All, 
Tag: krs_naqshbandi_tariqat_bureaucracy_impact_modifier, Categories: Country, , All, 
Tag: krs_sharafnama_register_bureaucracy_impact_modifier, Categories: Country, , All, 
Tag: kry_biapas_biapish_diwan_bureaucracy_impact_modifier, Categories: Country, , All, 
Tag: kry_karkiya_sayyid_rule_bureaucracy_impact_modifier, Categories: Country, , All, 
Tag: kry_royal_silk_customs_bureaucracy_impact_modifier, Categories: Country, , All, 
Tag: kry_sefidrud_rice_cadaster_bureaucracy_impact_modifier, Categories: Country, , All, 
Tag: kuronzera_clientship_bureaucracy_impact_modifier, Categories: Country, , All, 
Tag: kws_liwali_governorate_bureaucracy_impact_modifier, Categories: Country, , All, 
Tag: kws_sharifian_mahdali_bureaucracy_impact_modifier, Categories: Country, , All, 
Tag: kws_sofala_gold_vassalage_bureaucracy_impact_modifier, Categories: Country, , All, 
Tag: kws_wakili_suk_bureaucracy_impact_modifier, Categories: Country, , All, 
Tag: kws_wazir_diwan_bureaucracy_impact_modifier, Categories: Country, , All, 
Tag: lareh_koto_piliang_bureaucracy_impact_modifier, Categories: Country, , All, 
Tag: lat_assises_de_romanie_bureaucracy_impact_modifier, Categories: Country, , All, 
Tag: lat_cour_des_pairs_bureaucracy_impact_modifier, Categories: Country, , All, 
Tag: lat_partitio_romaniae_bureaucracy_impact_modifier, Categories: Country, , All, 
Tag: lat_patriarchatus_latinus_bureaucracy_impact_modifier, Categories: Country, , All, 
Tag: lat_podesta_venetus_bureaucracy_impact_modifier, Categories: Country, , All, 
Tag: lbe_bilumbu_council_bureaucracy_impact_modifier, Categories: Country, , All, 
Tag: lbe_kafuti_society_bureaucracy_impact_modifier, Categories: Country, , All, 
Tag: lbe_kioni_court_bureaucracy_impact_modifier, Categories: Country, , All, 
Tag: lbe_mwadi_vessels_bureaucracy_impact_modifier, Categories: Country, , All, 
Tag: lbe_twite_tributary_bureaucracy_impact_modifier, Categories: Country, , All, 
Tag: liv_hanseatic_stadtrat_bureaucracy_impact_modifier, Categories: Country, , All, 
Tag: liv_ordens_konvent_bureaucracy_impact_modifier, Categories: Country, , All, 
Tag: liv_ritterschaft_vasallenrecht_bureaucracy_impact_modifier, Categories: Country, , All, 
Tag: liv_walk_landtag_bureaucracy_impact_modifier, Categories: Country, , All, 
Tag: llys_a_maerdref_bureaucracy_impact_modifier, Categories: Country, , All, 
Tag: lmb_dottrina_cristiana_bureaucracy_impact_modifier, Categories: Country, , All, 
Tag: lmb_magistrato_straordinario_bureaucracy_impact_modifier, Categories: Country, , All, 
Tag: lmb_regalia_delle_acque_bureaucracy_impact_modifier, Categories: Country, , All, 
Tag: lmb_senato_di_milano_bureaucracy_impact_modifier, Categories: Country, , All, 
Tag: lmb_tribunale_di_provvisione_bureaucracy_impact_modifier, Categories: Country, , All, 
Tag: lmb_ufficio_di_sanita_bureaucracy_impact_modifier, Categories: Country, , All, 
Tag: lo_tsa_ba_court_bureaucracy_impact_modifier, Categories: Country, , All, 
Tag: lot_imperial_chancery_bureaucracy_impact_modifier, Categories: Country, , All, 
Tag: lot_kirchenvogtei_bureaucracy_impact_modifier, Categories: Country, , All, 
Tag: lot_missi_dominici_bureaucracy_impact_modifier, Categories: Country, , All, 
Tag: lot_palatine_chapel_bureaucracy_impact_modifier, Categories: Country, , All, 
Tag: lot_reichskirche_bureaucracy_impact_modifier, Categories: Country, , All, 
Tag: lot_sauf_conduit_bureaucracy_impact_modifier, Categories: Country, , All, 
Tag: lot_treuga_dei_bureaucracy_impact_modifier, Categories: Country, , All, 
Tag: lva_didysis_etmonas_bureaucracy_impact_modifier, Categories: Country, , All, 
Tag: lva_lietuvos_metrika_bureaucracy_impact_modifier, Categories: Country, , All, 
Tag: lva_lietuvos_statutai_bureaucracy_impact_modifier, Categories: Country, , All, 
Tag: lva_ponu_taryba_bureaucracy_impact_modifier, Categories: Country, , All, 
Tag: lva_vaivadijos_pavietai_bureaucracy_impact_modifier, Categories: Country, , All, 
Tag: lva_vilniaus_akademija_bureaucracy_impact_modifier, Categories: Country, , All, 
Tag: lxa_kha_lao_tribute_bureaucracy_impact_modifier, Categories: Country, , All, 
Tag: lxa_khoa_aphai_bureaucracy_impact_modifier, Categories: Country, , All, 
Tag: lxa_mueang_long_bureaucracy_impact_modifier, Categories: Country, , All, 
Tag: lxa_sangha_raja_bureaucracy_impact_modifier, Categories: Country, , All, 
Tag: lxa_senabodi_bureaucracy_impact_modifier, Categories: Country, , All, 
Tag: mal_dyamana_government_bureaucracy_impact_modifier, Categories: Country, , All, 
Tag: mal_gbara_assembly_bureaucracy_impact_modifier, Categories: Country, , All, 
Tag: mal_niamakala_castes_bureaucracy_impact_modifier, Categories: Country, , All, 
Tag: mal_sankore_madrasa_bureaucracy_impact_modifier, Categories: Country, , All, 
Tag: mal_ton_tigi_cavalry_bureaucracy_impact_modifier, Categories: Country, , All, 
Tag: mal_wangara_diaspora_bureaucracy_impact_modifier, Categories: Country, , All, 
Tag: map_aillarewe_federation_bureaucracy_impact_modifier, Categories: Country, , All, 
Tag: map_machi_sisterhood_bureaucracy_impact_modifier, Categories: Country, , All, 
Tag: map_parlamento_general_bureaucracy_impact_modifier, Categories: Country, , All, 
Tag: map_toki_apu_council_bureaucracy_impact_modifier, Categories: Country, , All, 
Tag: may_ah_kin_priesthood_bureaucracy_impact_modifier, Categories: Country, , All, 
Tag: may_halach_uinik_bureaucracy_impact_modifier, Categories: Country, , All, 
Tag: may_holpop_council_bureaucracy_impact_modifier, Categories: Country, , All, 
Tag: may_itza_tribute_bureaucracy_impact_modifier, Categories: Country, , All, 
Tag: may_kaxan_codex_bureaucracy_impact_modifier, Categories: Country, , All, 
Tag: may_mayapan_league_bureaucracy_impact_modifier, Categories: Country, , All, 
Tag: maz_ducal_chancery_bureaucracy_impact_modifier, Categories: Country, , All, 
Tag: maz_ksiegi_ziemskie_bureaucracy_impact_modifier, Categories: Country, , All, 
Tag: maz_mazovian_sejmiki_bureaucracy_impact_modifier, Categories: Country, , All, 
Tag: maz_plock_chapter_bureaucracy_impact_modifier, Categories: Country, , All, 
Tag: maz_statuty_mazowieckie_bureaucracy_impact_modifier, Categories: Country, , All, 
Tag: mca_guecha_warriors_bureaucracy_impact_modifier, Categories: Country, , All, 
Tag: mca_iraca_priesthood_bureaucracy_impact_modifier, Categories: Country, , All, 
Tag: mca_salt_emerald_monopoly_bureaucracy_impact_modifier, Categories: Country, , All, 
Tag: mca_zipa_zaque_diarchy_bureaucracy_impact_modifier, Categories: Country, , All, 
Tag: mch_banner_garrisons_bureaucracy_impact_modifier, Categories: Country, , All, 
Tag: mch_eight_banners_bureaucracy_impact_modifier, Categories: Country, , All, 
Tag: mch_grand_council_bureaucracy_impact_modifier, Categories: Country, , All, 
Tag: mch_lifan_yuan_bureaucracy_impact_modifier, Categories: Country, , All, 
Tag: mch_marriage_alliance_bureaucracy_impact_modifier, Categories: Country, , All, 
Tag: mch_neiwufu_bureaucracy_impact_modifier, Categories: Country, , All, 
Tag: mestnichestvo_bureaucracy_impact_modifier, Categories: Country, , All, 
Tag: mex_caudillismo_bureaucracy_impact_modifier, Categories: Country, , All, 
Tag: mex_hacienda_latifundia_bureaucracy_impact_modifier, Categories: Country, , All, 
Tag: mex_patronato_eclesiastico_bureaucracy_impact_modifier, Categories: Country, , All, 
Tag: mex_plan_de_iguala_bureaucracy_impact_modifier, Categories: Country, , All, 
Tag: mex_republicas_de_indios_bureaucracy_impact_modifier, Categories: Country, , All, 
Tag: mex_siete_leyes_bureaucracy_impact_modifier, Categories: Country, , All, 
Tag: mge_darughachi_governance_bureaucracy_impact_modifier, Categories: Country, , All, 
Tag: mge_great_yasa_bureaucracy_impact_modifier, Categories: Country, , All, 
Tag: mge_keshig_imperial_guard_bureaucracy_impact_modifier, Categories: Country, , All, 
Tag: mge_kuriltai_assembly_bureaucracy_impact_modifier, Categories: Country, , All, 
Tag: mge_yam_postal_network_bureaucracy_impact_modifier, Categories: Country, , All, 
Tag: mge_yelu_chucai_synthesis_bureaucracy_impact_modifier, Categories: Country, , All, 
Tag: mgo_bogd_gegen_bureaucracy_impact_modifier, Categories: Country, , All, 
Tag: mgo_khalkha_jirum_bureaucracy_impact_modifier, Categories: Country, , All, 
Tag: mgo_khalkha_tusheet_bureaucracy_impact_modifier, Categories: Country, , All, 
Tag: mgo_otog_khoshuu_bureaucracy_impact_modifier, Categories: Country, , All, 
Tag: mgo_yellow_hat_sangha_bureaucracy_impact_modifier, Categories: Country, , All, 
Tag: mhondoro_oracle_bureaucracy_impact_modifier, Categories: Country, , All, 
Tag: mhr_ashta_pradhan_bureaucracy_impact_modifier, Categories: Country, , All, 
Tag: mhr_chauth_sardeshmukhi_bureaucracy_impact_modifier, Categories: Country, , All, 
Tag: mhr_huzur_daftar_bureaucracy_impact_modifier, Categories: Country, , All, 
Tag: mhr_pentarchy_bureaucracy_impact_modifier, Categories: Country, , All, 
Tag: mhr_peshwa_daftar_bureaucracy_impact_modifier, Categories: Country, , All, 
Tag: mhr_saranjami_bureaucracy_impact_modifier, Categories: Country, , All, 
Tag: mhr_watandari_bureaucracy_impact_modifier, Categories: Country, , All, 
Tag: mir_andriana_caste_bureaucracy_impact_modifier, Categories: Country, , All, 
Tag: mir_fanompoana_bureaucracy_impact_modifier, Categories: Country, , All, 
Tag: mir_fokonolona_bureaucracy_impact_modifier, Categories: Country, , All, 
Tag: mir_mantasoa_works_bureaucracy_impact_modifier, Categories: Country, , All, 
Tag: mir_sampy_keepers_bureaucracy_impact_modifier, Categories: Country, , All, 
Tag: mlc_bukit_china_concession_bureaucracy_impact_modifier, Categories: Country, , All, 
Tag: mlc_negeri_tributary_bureaucracy_impact_modifier, Categories: Country, , All, 
Tag: mlc_penghulu_bendahari_bureaucracy_impact_modifier, Categories: Country, , All, 
Tag: mlc_temenggung_bench_bureaucracy_impact_modifier, Categories: Country, , All, 
Tag: mol_mitropolia_suceava_bureaucracy_impact_modifier, Categories: Country, , All, 
Tag: mol_phanariot_administration_bureaucracy_impact_modifier, Categories: Country, , All, 
Tag: mol_pravila_lupu_bureaucracy_impact_modifier, Categories: Country, , All, 
Tag: mol_razesi_levy_bureaucracy_impact_modifier, Categories: Country, , All, 
Tag: mol_sfatul_domnesc_bureaucracy_impact_modifier, Categories: Country, , All, 
Tag: mol_vornicii_tarii_bureaucracy_impact_modifier, Categories: Country, , All, 
Tag: mor_harka_taxation_expedition_bureaucracy_impact_modifier, Categories: Country, , All, 
Tag: mor_jaysh_tribes_bureaucracy_impact_modifier, Categories: Country, , All, 
Tag: mor_karaouine_ulama_bureaucracy_impact_modifier, Categories: Country, , All, 
Tag: mor_makhzen_central_administration_bureaucracy_impact_modifier, Categories: Country, , All, 
Tag: mor_qaid_provincial_government_bureaucracy_impact_modifier, Categories: Country, , All, 
Tag: mor_sale_corsair_divan_bureaucracy_impact_modifier, Categories: Country, , All, 
Tag: mor_zawiya_network_bureaucracy_impact_modifier, Categories: Country, , All, 
Tag: mrl_baybayin_chancellery_bureaucracy_impact_modifier, Categories: Country, , All, 
Tag: mrl_datu_court_bureaucracy_impact_modifier, Categories: Country, , All, 
Tag: mrl_lanong_admiralty_bureaucracy_impact_modifier, Categories: Country, , All, 
Tag: mrl_ruma_bichara_bureaucracy_impact_modifier, Categories: Country, , All, 
Tag: mrl_three_faith_concord_bureaucracy_impact_modifier, Categories: Country, , All, 
Tag: mro_lanong_admiralty_bureaucracy_impact_modifier, Categories: Country, , All, 
Tag: mro_pandita_madrasah_bureaucracy_impact_modifier, Categories: Country, , All, 
Tag: mro_panglima_districts_bureaucracy_impact_modifier, Categories: Country, , All, 
Tag: mro_parang_sabil_brotherhood_bureaucracy_impact_modifier, Categories: Country, , All, 
Tag: mro_ruma_bichara_bureaucracy_impact_modifier, Categories: Country, , All, 
Tag: mro_tarsila_chancery_bureaucracy_impact_modifier, Categories: Country, , All, 
Tag: msa_bendahara_grand_vizierate_bureaucracy_impact_modifier, Categories: Country, , All, 
Tag: msa_hukum_kanun_bureaucracy_impact_modifier, Categories: Country, , All, 
Tag: msa_laksamana_admiralty_bureaucracy_impact_modifier, Categories: Country, , All, 
Tag: msa_orang_laut_compact_bureaucracy_impact_modifier, Categories: Country, , All, 
Tag: msa_shahbandaria_bureaucracy_impact_modifier, Categories: Country, , All, 
Tag: msi_friday_court_bureaucracy_impact_modifier, Categories: Country, , All, 
Tag: msi_nakomse_provincial_bureaucracy_impact_modifier, Categories: Country, , All, 
Tag: msi_nayiri_council_bureaucracy_impact_modifier, Categories: Country, , All, 
Tag: msi_tengsoba_compact_bureaucracy_impact_modifier, Categories: Country, , All, 
Tag: msi_yarse_charter_bureaucracy_impact_modifier, Categories: Country, , All, 
Tag: mtm_bedhaya_court_arts_bureaucracy_impact_modifier, Categories: Country, , All, 
Tag: mtm_imogiri_tomb_shrine_bureaucracy_impact_modifier, Categories: Country, , All, 
Tag: mtm_negaragung_mancanegara_bureaucracy_impact_modifier, Categories: Country, , All, 
Tag: mtm_pajeksan_cadaster_bureaucracy_impact_modifier, Categories: Country, , All, 
Tag: mtm_patih_lebet_bureaucracy_impact_modifier, Categories: Country, , All, 
Tag: mtm_surakarta_yogyakarta_dual_bureaucracy_impact_modifier, Categories: Country, , All, 
Tag: mug_dahsala_bureaucracy_impact_modifier, Categories: Country, , All, 
Tag: mug_diwan_i_khalsa_bureaucracy_impact_modifier, Categories: Country, , All, 
Tag: mug_jagirdari_bureaucracy_impact_modifier, Categories: Country, , All, 
Tag: mug_jharokha_i_darshan_bureaucracy_impact_modifier, Categories: Country, , All, 
Tag: mug_karkhana_bureaucracy_impact_modifier, Categories: Country, , All, 
Tag: mug_mansabdari_bureaucracy_impact_modifier, Categories: Country, , All, 
Tag: mug_mir_bakshi_bureaucracy_impact_modifier, Categories: Country, , All, 
Tag: mug_sadr_us_sudur_bureaucracy_impact_modifier, Categories: Country, , All, 
Tag: mukomohasha_captaincy_bureaucracy_impact_modifier, Categories: Country, , All, 
Tag: nagari_republic_bureaucracy_impact_modifier, Categories: Country, , All, 
Tag: navy_board_bureaucracy_impact_modifier, Categories: Country, , All, 
Tag: nd_anv_aquitanian_curia_bureaucracy_impact_modifier, Categories: Country, , All, 
Tag: nd_anv_cinque_ports_bureaucracy_impact_modifier, Categories: Country, , All, 
Tag: nd_anv_clarendon_apparatus_bureaucracy_impact_modifier, Categories: Country, , All, 
Tag: nd_anv_curia_regis_itinerant_bureaucracy_impact_modifier, Categories: Country, , All, 
Tag: nd_dnm_directorium_bureaucracy_impact_modifier, Categories: Country, , All, 
Tag: nd_dnm_geheime_konferenz_bureaucracy_impact_modifier, Categories: Country, , All, 
Tag: nd_dnm_grenz_generalat_bureaucracy_impact_modifier, Categories: Country, , All, 
Tag: nd_dnm_kameralhoheit_bureaucracy_impact_modifier, Categories: Country, , All, 
Tag: nd_dnm_landstaende_bureaucracy_impact_modifier, Categories: Country, , All, 
Tag: nd_dnm_reformationskommission_bureaucracy_impact_modifier, Categories: Country, , All, 
Tag: nd_maritime_governance_bureaucracy_impact_modifier, Categories: Country, , All, 
Tag: nd_nin_akitu_liturgy_bureaucracy_impact_modifier, Categories: Country, , All, 
Tag: nd_nin_aramaic_chancery_bureaucracy_impact_modifier, Categories: Country, , All, 
Tag: nd_nin_bit_tuppate_bureaucracy_impact_modifier, Categories: Country, , All, 
Tag: nd_nin_kisir_sharruti_bureaucracy_impact_modifier, Categories: Country, , All, 
Tag: nd_nin_saknu_temi_bureaucracy_impact_modifier, Categories: Country, , All, 
Tag: nd_nin_tab_rabuti_bureaucracy_impact_modifier, Categories: Country, , All, 
Tag: nd_provincial_governance_bureaucracy_impact_modifier, Categories: Country, , All, 
Tag: ned_admiraliteiten_bureaucracy_impact_modifier, Categories: Country, , All, 
Tag: ned_heeren_xvii_bureaucracy_impact_modifier, Categories: Country, , All, 
Tag: ned_raad_van_state_bureaucracy_impact_modifier, Categories: Country, , All, 
Tag: ned_stadhouderschap_bureaucracy_impact_modifier, Categories: Country, , All, 
Tag: ned_staten_generaal_bureaucracy_impact_modifier, Categories: Country, , All, 
Tag: ned_waterschappen_bureaucracy_impact_modifier, Categories: Country, , All, 
Tag: ned_wisselbank_bureaucracy_impact_modifier, Categories: Country, , All, 
Tag: npl_bhardari_sabha_bureaucracy_impact_modifier, Categories: Country, , All, 
Tag: npl_jagir_tenure_bureaucracy_impact_modifier, Categories: Country, , All, 
Tag: npl_mukhtiyari_bureaucracy_impact_modifier, Categories: Country, , All, 
Tag: npl_newar_guthi_bureaucracy_impact_modifier, Categories: Country, , All, 
Tag: npl_pajani_bureaucracy_impact_modifier, Categories: Country, , All, 
Tag: nse_anglo_danish_mission_bureaucracy_impact_modifier, Categories: Country, , All, 
Tag: nse_heregeld_bureaucracy_impact_modifier, Categories: Country, , All, 
Tag: nse_hird_witherlogh_bureaucracy_impact_modifier, Categories: Country, , All, 
Tag: nse_reformed_coinage_bureaucracy_impact_modifier, Categories: Country, , All, 
Tag: nse_skipreida_leidang_bureaucracy_impact_modifier, Categories: Country, , All, 
Tag: nse_wapentake_riding_bureaucracy_impact_modifier, Categories: Country, , All, 
Tag: nse_witenagemot_bureaucracy_impact_modifier, Categories: Country, , All, 
Tag: ntr_kingitanga_bureaucracy_impact_modifier, Categories: Country, , All, 
Tag: ntr_muru_me_utu_bureaucracy_impact_modifier, Categories: Country, , All, 
Tag: ntr_pa_network_bureaucracy_impact_modifier, Categories: Country, , All, 
Tag: ntr_rangatiratanga_bureaucracy_impact_modifier, Categories: Country, , All, 
Tag: ntr_tohunga_whare_wananga_bureaucracy_impact_modifier, Categories: Country, , All, 
Tag: nub_baqt_treaty_bureaucracy_impact_modifier, Categories: Country, , All, 
Tag: nub_eparchate_of_nobadia_bureaucracy_impact_modifier, Categories: Country, , All, 
Tag: nub_faras_bishopric_bureaucracy_impact_modifier, Categories: Country, , All, 
Tag: nub_hamaj_regency_bureaucracy_impact_modifier, Categories: Country, , All, 
Tag: nub_sennar_palace_bureaucracy_impact_modifier, Categories: Country, , All, 
Tag: num_captive_incorporation_bureaucracy_impact_modifier, Categories: Country, , All, 
Tag: num_comanchero_license_bureaucracy_impact_modifier, Categories: Country, , All, 
Tag: num_council_of_comanche_nation_bureaucracy_impact_modifier, Categories: Country, , All, 
Tag: num_multi_horde_federation_bureaucracy_impact_modifier, Categories: Country, , All, 
Tag: nus_kapitan_magistracy_bureaucracy_impact_modifier, Categories: Country, , All, 
Tag: nus_pamget_tributary_bureaucracy_impact_modifier, Categories: Country, , All, 
Tag: nus_pasisir_confederation_bureaucracy_impact_modifier, Categories: Country, , All, 
Tag: nus_sumpah_palapa_bureaucracy_impact_modifier, Categories: Country, , All, 
Tag: nus_tumenggung_regency_bureaucracy_impact_modifier, Categories: Country, , All, 
Tag: nus_wali_songo_bureaucracy_impact_modifier, Categories: Country, , All, 
Tag: occ_cort_dels_ajudas_bureaucracy_impact_modifier, Categories: Country, , All, 
Tag: occ_cort_major_de_bearn_bureaucracy_impact_modifier, Categories: Country, , All, 
Tag: occ_estats_de_lengadoc_bureaucracy_impact_modifier, Categories: Country, , All, 
Tag: occ_lo_compes_bureaucracy_impact_modifier, Categories: Country, , All, 
Tag: oprichnina_bureaucracy_impact_modifier, Categories: Country, , All, 
Tag: out_charters_of_the_communes_bureaucracy_impact_modifier, Categories: Country, , All, 
Tag: out_cour_de_la_chaine_bureaucracy_impact_modifier, Categories: Country, , All, 
Tag: out_cour_des_suriens_bureaucracy_impact_modifier, Categories: Country, , All, 
Tag: out_new_towns_bureaucracy_impact_modifier, Categories: Country, , All, 
Tag: out_restor_of_the_host_bureaucracy_impact_modifier, Categories: Country, , All, 
Tag: out_turcopolier_bureaucracy_impact_modifier, Categories: Country, , All, 
Tag: oye_ajele_residency_bureaucracy_impact_modifier, Categories: Country, , All, 
Tag: oye_babalawo_ifa_bureaucracy_impact_modifier, Categories: Country, , All, 
Tag: oye_eso_kakanfo_bureaucracy_impact_modifier, Categories: Country, , All, 
Tag: oye_ilari_corps_bureaucracy_impact_modifier, Categories: Country, , All, 
Tag: oye_ogboni_society_bureaucracy_impact_modifier, Categories: Country, , All, 
Tag: oye_oyo_mesi_bureaucracy_impact_modifier, Categories: Country, , All, 
Tag: pale_administration_bureaucracy_impact_modifier, Categories: Country, , All, 
Tag: paruchia_of_iona_bureaucracy_impact_modifier, Categories: Country, , All, 
Tag: penteulu_bureaucracy_impact_modifier, Categories: Country, , All, 
Tag: plc_hetmanate_bureaucracy_impact_modifier, Categories: Country, , All, 
Tag: plc_kozak_rejestrowy_bureaucracy_impact_modifier, Categories: Country, , All, 
Tag: plc_liberum_veto_bureaucracy_impact_modifier, Categories: Country, , All, 
Tag: plc_pacta_conventa_bureaucracy_impact_modifier, Categories: Country, , All, 
Tag: plc_sejm_walny_bureaucracy_impact_modifier, Categories: Country, , All, 
Tag: plc_senat_rzeczypospolitej_bureaucracy_impact_modifier, Categories: Country, , All, 
Tag: plc_trybunal_koronny_bureaucracy_impact_modifier, Categories: Country, , All, 
Tag: pnt_babaylan_order_bureaucracy_impact_modifier, Categories: Country, , All, 
Tag: pnt_datu_council_bureaucracy_impact_modifier, Categories: Country, , All, 
Tag: pnt_lipong_brotherhood_bureaucracy_impact_modifier, Categories: Country, , All, 
Tag: pnt_mangayaw_fleet_bureaucracy_impact_modifier, Categories: Country, , All, 
Tag: pnt_oripun_bondage_bureaucracy_impact_modifier, Categories: Country, , All, 
Tag: pol_akademia_krakowska_bureaucracy_impact_modifier, Categories: Country, , All, 
Tag: pol_lanowy_cadastre_bureaucracy_impact_modifier, Categories: Country, , All, 
Tag: pol_sejmiki_bureaucracy_impact_modifier, Categories: Country, , All, 
Tag: pol_starostwa_bureaucracy_impact_modifier, Categories: Country, , All, 
Tag: pol_statuty_kazimierzowskie_bureaucracy_impact_modifier, Categories: Country, , All, 
Tag: pol_urzedy_koronne_bureaucracy_impact_modifier, Categories: Country, , All, 
Tag: pol_wojewoda_kasztelan_bureaucracy_impact_modifier, Categories: Country, , All, 
Tag: pom_kirchenordnung_bureaucracy_impact_modifier, Categories: Country, , All, 
Tag: pom_pomeranian_landtag_bureaucracy_impact_modifier, Categories: Country, , All, 
Tag: pom_rittergut_gutsherrschaft_bureaucracy_impact_modifier, Categories: Country, , All, 
Tag: pom_wendish_hanse_quarter_bureaucracy_impact_modifier, Categories: Country, , All, 
Tag: pom_wolgast_hofgericht_bureaucracy_impact_modifier, Categories: Country, , All, 
Tag: pomestie_registry_bureaucracy_impact_modifier, Categories: Country, , All, 
Tag: pon_argyria_mint_bureaucracy_impact_modifier, Categories: Country, , All, 
Tag: pon_caffa_trebizond_council_bureaucracy_impact_modifier, Categories: Country, , All, 
Tag: pon_logothesion_of_trebizond_bureaucracy_impact_modifier, Categories: Country, , All, 
Tag: pon_synodos_of_the_pontic_church_bureaucracy_impact_modifier, Categories: Country, , All, 
Tag: prikazy_bureaucracy_impact_modifier, Categories: Country, , All, 
Tag: pru_allgemeines_landrecht_bureaucracy_impact_modifier, Categories: Country, , All, 
Tag: pru_domaenenkammern_bureaucracy_impact_modifier, Categories: Country, , All, 
Tag: pru_generaldirektorium_bureaucracy_impact_modifier, Categories: Country, , All, 
Tag: pru_grosser_generalstab_bureaucracy_impact_modifier, Categories: Country, , All, 
Tag: pru_junker_corps_bureaucracy_impact_modifier, Categories: Country, , All, 
Tag: pru_kantonsystem_bureaucracy_impact_modifier, Categories: Country, , All, 
Tag: pru_kriegsakademie_bureaucracy_impact_modifier, Categories: Country, , All, 
Tag: pue_cacique_war_captain_bureaucracy_impact_modifier, Categories: Country, , All, 
Tag: pue_kiva_council_chamber_bureaucracy_impact_modifier, Categories: Country, , All, 
Tag: pue_knotted_cord_runner_network_bureaucracy_impact_modifier, Categories: Country, , All, 
Tag: pue_moiety_dual_system_bureaucracy_impact_modifier, Categories: Country, , All, 
Tag: pue_pecos_plains_trade_bureaucracy_impact_modifier, Categories: Country, , All, 
Tag: pun_akali_nihangs_bureaucracy_impact_modifier, Categories: Country, , All, 
Tag: pun_daftar_i_bahi_bureaucracy_impact_modifier, Categories: Country, , All, 
Tag: pun_fauj_i_khas_bureaucracy_impact_modifier, Categories: Country, , All, 
Tag: pun_khalsa_panth_bureaucracy_impact_modifier, Categories: Country, , All, 
Tag: pun_lahore_durbar_bureaucracy_impact_modifier, Categories: Country, , All, 
Tag: pun_misl_confederacy_bureaucracy_impact_modifier, Categories: Country, , All, 
Tag: pun_sarbat_khalsa_bureaucracy_impact_modifier, Categories: Country, , All, 
Tag: qingping_council_bureaucracy_impact_modifier, Categories: Country, , All, 
Tag: rajo_tigo_selo_bureaucracy_impact_modifier, Categories: Country, , All, 
Tag: rjp_bhat_charan_bardic_bureaucracy_impact_modifier, Categories: Country, , All, 
Tag: rjp_hindola_itinerant_court_bureaucracy_impact_modifier, Categories: Country, , All, 
Tag: rjp_kuldevi_shrine_bureaucracy_impact_modifier, Categories: Country, , All, 
Tag: rjp_mansabdari_compromise_bureaucracy_impact_modifier, Categories: Country, , All, 
Tag: rjp_saptanga_mantriparishad_bureaucracy_impact_modifier, Categories: Country, , All, 
Tag: rjp_thikana_pattedari_bureaucracy_impact_modifier, Categories: Country, , All, 
Tag: rjp_vijaya_stambha_bureaucracy_impact_modifier, Categories: Country, , All, 
Tag: rmn_asezamint_mavrocordat_bureaucracy_impact_modifier, Categories: Country, , All, 
Tag: rmn_mitropolia_bureaucracy_impact_modifier, Categories: Country, , All, 
Tag: rmn_phanariot_administration_bureaucracy_impact_modifier, Categories: Country, , All, 
Tag: rmn_pravila_mare_bureaucracy_impact_modifier, Categories: Country, , All, 
Tag: rmn_regulamentul_organic_bureaucracy_impact_modifier, Categories: Country, , All, 
Tag: rmn_sfatul_domnesc_bureaucracy_impact_modifier, Categories: Country, , All, 
Tag: rom_banco_santo_spirito_bureaucracy_impact_modifier, Categories: Country, , All, 
Tag: rom_byz_aula_phoenicea_bureaucracy_impact_modifier, Categories: Country, , All, 
Tag: rom_byz_collegium_italograecum_bureaucracy_impact_modifier, Categories: Country, , All, 
Tag: rom_byz_commissio_filioque_bureaucracy_impact_modifier, Categories: Country, , All, 
Tag: rom_byz_magisterium_maris_bureaucracy_impact_modifier, Categories: Country, , All, 
Tag: rom_byz_schola_graecorum_bureaucracy_impact_modifier, Categories: Country, , All, 
Tag: rom_byz_senatus_bilinguis_bureaucracy_impact_modifier, Categories: Country, , All, 
Tag: rom_camera_apostolica_bureaucracy_impact_modifier, Categories: Country, , All, 
Tag: rom_corpus_iuris_civilis_bureaucracy_impact_modifier, Categories: Country, , All, 
Tag: rom_curia_romana_bureaucracy_impact_modifier, Categories: Country, , All, 
Tag: rom_pontifex_maximus_bureaucracy_impact_modifier, Categories: Country, , All, 
Tag: rom_rota_romana_bureaucracy_impact_modifier, Categories: Country, , All, 
Tag: rom_senatus_renovatus_bureaucracy_impact_modifier, Categories: Country, , All, 
Tag: royal_mint_bureaucracy_impact_modifier, Categories: Country, , All, 
Tag: rum_devshirme_bureaucracy_impact_modifier, Categories: Country, , All, 
Tag: rum_divan_i_humayun_bureaucracy_impact_modifier, Categories: Country, , All, 
Tag: rum_iltizam_bureaucracy_impact_modifier, Categories: Country, , All, 
Tag: rum_millet_system_bureaucracy_impact_modifier, Categories: Country, , All, 
Tag: rum_seyhulislam_bureaucracy_impact_modifier, Categories: Country, , All, 
Tag: rum_timar_system_bureaucracy_impact_modifier, Categories: Country, , All, 
Tag: rum_vakif_network_bureaucracy_impact_modifier, Categories: Country, , All, 
Tag: ryu_goseki_peerage_bureaucracy_impact_modifier, Categories: Country, , All, 
Tag: ryu_hiki_naval_rotation_bureaucracy_impact_modifier, Categories: Country, , All, 
Tag: ryu_kumemura_diaspora_bureaucracy_impact_modifier, Categories: Country, , All, 
Tag: ryu_magiri_administration_bureaucracy_impact_modifier, Categories: Country, , All, 
Tag: ryu_omoro_liturgical_bureaucracy_impact_modifier, Categories: Country, , All, 
Tag: ryu_sanshikan_council_bureaucracy_impact_modifier, Categories: Country, , All, 
Tag: ryu_tribute_mission_bureaucracy_impact_modifier, Categories: Country, , All, 
Tag: sar_carruba_salt_monopoly_bureaucracy_impact_modifier, Categories: Country, , All, 
Tag: sar_carta_de_logu_bureaucracy_impact_modifier, Categories: Country, , All, 
Tag: sar_curatoria_bureaucracy_impact_modifier, Categories: Country, , All, 
Tag: sar_piedmont_intendenti_bureaucracy_impact_modifier, Categories: Country, , All, 
Tag: sar_piedmont_magistrato_riforma_bureaucracy_impact_modifier, Categories: Country, , All, 
Tag: sar_piedmont_ordine_mauriziano_bureaucracy_impact_modifier, Categories: Country, , All, 
Tag: sar_piedmont_regio_economato_bureaucracy_impact_modifier, Categories: Country, , All, 
Tag: sar_stamenti_bureaucracy_impact_modifier, Categories: Country, , All, 
Tag: sar_viceregal_court_bureaucracy_impact_modifier, Categories: Country, , All, 
Tag: sax_bergordnung_bureaucracy_impact_modifier, Categories: Country, , All, 
Tag: sax_geheimes_konsilium_bureaucracy_impact_modifier, Categories: Country, , All, 
Tag: sax_konsistorium_bureaucracy_impact_modifier, Categories: Country, , All, 
Tag: sax_landstande_bureaucracy_impact_modifier, Categories: Country, , All, 
Tag: sax_leipziger_reichsmesse_bureaucracy_impact_modifier, Categories: Country, , All, 
Tag: sax_oberbergamt_bureaucracy_impact_modifier, Categories: Country, , All, 
Tag: sca_bremerholm_admiralty_bureaucracy_impact_modifier, Categories: Country, , All, 
Tag: sca_hanseatic_kontor_bureaucracy_impact_modifier, Categories: Country, , All, 
Tag: sca_kalmar_riksrad_bureaucracy_impact_modifier, Categories: Country, , All, 
Tag: sca_lensvesen_bureaucracy_impact_modifier, Categories: Country, , All, 
Tag: sca_oresund_toll_bureaucracy_impact_modifier, Categories: Country, , All, 
Tag: sca_reduktion_bureaucracy_impact_modifier, Categories: Country, , All, 
Tag: sca_riksdag_estates_bureaucracy_impact_modifier, Categories: Country, , All, 
Tag: senchus_fer_nalban_bureaucracy_impact_modifier, Categories: Country, , All, 
Tag: sha_muang_irrigation_bureaucracy_impact_modifier, Categories: Country, , All, 
Tag: sha_pongyi_kyaung_bureaucracy_impact_modifier, Categories: Country, , All, 
Tag: sha_saopha_court_bureaucracy_impact_modifier, Categories: Country, , All, 
Tag: sha_sawbwa_council_bureaucracy_impact_modifier, Categories: Country, , All, 
Tag: shl_adelige_kloster_bureaucracy_impact_modifier, Categories: Country, , All, 
Tag: shl_deutsche_kanzlei_bureaucracy_impact_modifier, Categories: Country, , All, 
Tag: shl_kieler_umschlag_bureaucracy_impact_modifier, Categories: Country, , All, 
Tag: shl_landtag_bureaucracy_impact_modifier, Categories: Country, , All, 
Tag: shl_ritterschaft_bureaucracy_impact_modifier, Categories: Country, , All, 
Tag: sia_chatusadom_bureaucracy_impact_modifier, Categories: Country, , All, 
Tag: sia_maha_sangharaja_bureaucracy_impact_modifier, Categories: Country, , All, 
Tag: sia_phra_khlang_sinkha_bureaucracy_impact_modifier, Categories: Country, , All, 
Tag: sia_phrai_suay_bureaucracy_impact_modifier, Categories: Country, , All, 
Tag: sia_sakdina_bureaucracy_impact_modifier, Categories: Country, , All, 
Tag: sia_three_seal_law_bureaucracy_impact_modifier, Categories: Country, , All, 
Tag: sil_bergordnung_bureaucracy_impact_modifier, Categories: Country, , All, 
Tag: sil_bischofsamt_bureaucracy_impact_modifier, Categories: Country, , All, 
Tag: sil_erbfurstentumer_bureaucracy_impact_modifier, Categories: Country, , All, 
Tag: sil_furstentag_bureaucracy_impact_modifier, Categories: Country, , All, 
Tag: sil_oberamt_bureaucracy_impact_modifier, Categories: Country, , All, 
Tag: sko_alkali_courts_bureaucracy_impact_modifier, Categories: Country, , All, 
Tag: sko_jakada_network_bureaucracy_impact_modifier, Categories: Country, , All, 
Tag: sko_ribat_network_bureaucracy_impact_modifier, Categories: Country, , All, 
Tag: sko_toronkawa_emirates_bureaucracy_impact_modifier, Categories: Country, , All, 
Tag: sko_ulama_council_bureaucracy_impact_modifier, Categories: Country, , All, 
Tag: sko_wazirate_bureaucracy_impact_modifier, Categories: Country, , All, 
Tag: slo_banska_mesta_bureaucracy_impact_modifier, Categories: Country, , All, 
Tag: slo_bratislavske_lyceum_bureaucracy_impact_modifier, Categories: Country, , All, 
Tag: slo_korunovacne_mesto_bureaucracy_impact_modifier, Categories: Country, , All, 
Tag: slo_spisska_unia_bureaucracy_impact_modifier, Categories: Country, , All, 
Tag: slo_stolica_bureaucracy_impact_modifier, Categories: Country, , All, 
Tag: slo_trnavska_synoda_bureaucracy_impact_modifier, Categories: Country, , All, 
Tag: snem_bratrsky_bureaucracy_impact_modifier, Categories: Country, , All, 
Tag: sobornoye_ulozheniye_bureaucracy_impact_modifier, Categories: Country, , All, 
Tag: soe_askia_farmas_bureaucracy_impact_modifier, Categories: Country, , All, 
Tag: soe_hi_koy_bureaucracy_impact_modifier, Categories: Country, , All, 
Tag: soe_mori_koyra_bureaucracy_impact_modifier, Categories: Country, , All, 
Tag: soe_rumde_corps_bureaucracy_impact_modifier, Categories: Country, , All, 
Tag: soe_tarikh_scribes_bureaucracy_impact_modifier, Categories: Country, , All, 
Tag: soe_tondi_farma_bureaucracy_impact_modifier, Categories: Country, , All, 
Tag: soi_abbaan_caravan_brokerage_bureaucracy_impact_modifier, Categories: Country, , All, 
Tag: soi_ajuran_hydraulic_administration_bureaucracy_impact_modifier, Categories: Country, , All, 
Tag: soi_boqor_of_the_coast_bureaucracy_impact_modifier, Categories: Country, , All, 
Tag: soi_sufi_tariqa_network_bureaucracy_impact_modifier, Categories: Country, , All, 
Tag: soi_walashma_sultanate_court_bureaucracy_impact_modifier, Categories: Country, , All, 
Tag: soi_xeer_shir_beeleed_bureaucracy_impact_modifier, Categories: Country, , All, 
Tag: spa_casa_de_contratacion_bureaucracy_impact_modifier, Categories: Country, , All, 
Tag: spa_consejo_de_indias_bureaucracy_impact_modifier, Categories: Country, , All, 
Tag: spa_consejo_real_bureaucracy_impact_modifier, Categories: Country, , All, 
Tag: spa_corregimiento_bureaucracy_impact_modifier, Categories: Country, , All, 
Tag: spa_encomienda_bureaucracy_impact_modifier, Categories: Country, , All, 
Tag: spa_inquisicion_bureaucracy_impact_modifier, Categories: Country, , All, 
Tag: spa_mesta_bureaucracy_impact_modifier, Categories: Country, , All, 
Tag: star_chamber_bureaucracy_impact_modifier, Categories: Country, , All, 
Tag: stong_sde_bureaucracy_impact_modifier, Categories: Country, , All, 
Tag: surrender_and_regrant_bureaucracy_impact_modifier, Categories: Country, , All, 
Tag: svb_court_brahmin_college_bureaucracy_impact_modifier, Categories: Country, , All, 
Tag: svb_mandala_tributary_ring_bureaucracy_impact_modifier, Categories: Country, , All, 
Tag: svb_phrai_corvee_registry_bureaucracy_impact_modifier, Categories: Country, , All, 
Tag: svb_royal_elephant_corps_bureaucracy_impact_modifier, Categories: Country, , All, 
Tag: svb_royal_sangha_council_bureaucracy_impact_modifier, Categories: Country, , All, 
Tag: svb_sakdina_hierarchy_bureaucracy_impact_modifier, Categories: Country, , All, 
Tag: swa_augsburger_stadtrat_bureaucracy_impact_modifier, Categories: Country, , All, 
Tag: swa_bundesrat_bureaucracy_impact_modifier, Categories: Country, , All, 
Tag: swa_kreistag_bureaucracy_impact_modifier, Categories: Country, , All, 
Tag: swa_reichsritterschaft_bureaucracy_impact_modifier, Categories: Country, , All, 
Tag: swa_tuebinger_vertrag_bureaucracy_impact_modifier, Categories: Country, , All, 
Tag: swi_gemeine_herrschaften_bureaucracy_impact_modifier, Categories: Country, , All, 
Tag: swi_landsgemeinde_bureaucracy_impact_modifier, Categories: Country, , All, 
Tag: swi_pensionenwesen_bureaucracy_impact_modifier, Categories: Country, , All, 
Tag: swi_sittenmandate_bureaucracy_impact_modifier, Categories: Country, , All, 
Tag: swi_stanser_verkommnis_bureaucracy_impact_modifier, Categories: Country, , All, 
Tag: swi_tagsatzung_bureaucracy_impact_modifier, Categories: Country, , All, 
Tag: tanistry_bureaucracy_impact_modifier, Categories: Country, , All, 
Tag: tdr_cliff_monastery_synod_bureaucracy_impact_modifier, Categories: Country, , All, 
Tag: tdr_gothic_upland_council_bureaucracy_impact_modifier, Categories: Country, , All, 
Tag: tdr_komnenoid_chancery_bureaucracy_impact_modifier, Categories: Country, , All, 
Tag: tdr_tauric_customs_house_bureaucracy_impact_modifier, Categories: Country, , All, 
Tag: tgd_fubing_militia_bureaucracy_impact_modifier, Categories: Country, , All, 
Tag: tgd_jiedushi_protectorates_bureaucracy_impact_modifier, Categories: Country, , All, 
Tag: tgd_juntian_zuyongdiao_bureaucracy_impact_modifier, Categories: Country, , All, 
Tag: tgd_keju_examinations_bureaucracy_impact_modifier, Categories: Country, , All, 
Tag: tgd_sansheng_liubu_bureaucracy_impact_modifier, Categories: Country, , All, 
Tag: tgd_yushitai_censorate_bureaucracy_impact_modifier, Categories: Country, , All, 
Tag: the_archon_of_the_demos_bureaucracy_impact_modifier, Categories: Country, , All, 
Tag: the_curia_of_the_lombards_bureaucracy_impact_modifier, Categories: Country, , All, 
Tag: the_sekreton_of_thessalonike_bureaucracy_impact_modifier, Categories: Country, , All, 
Tag: the_synaxis_of_karyes_bureaucracy_impact_modifier, Categories: Country, , All, 
Tag: tib_densa_sum_bureaucracy_impact_modifier, Categories: Country, , All, 
Tag: tib_dzongpon_bureaucracy_impact_modifier, Categories: Country, , All, 
Tag: tib_kashag_bureaucracy_impact_modifier, Categories: Country, , All, 
Tag: tib_mi_tser_bureaucracy_impact_modifier, Categories: Country, , All, 
Tag: tib_monlam_chenmo_bureaucracy_impact_modifier, Categories: Country, , All, 
Tag: tib_yiktsang_bureaucracy_impact_modifier, Categories: Country, , All, 
Tag: tkt_capitanias_do_mar_bureaucracy_impact_modifier, Categories: Country, , All, 
Tag: tkt_capitulum_occultum_bureaucracy_impact_modifier, Categories: Country, , All, 
Tag: tkt_sacred_convent_bureaucracy_impact_modifier, Categories: Country, , All, 
Tag: tkt_treasurer_general_bureaucracy_impact_modifier, Categories: Country, , All, 
Tag: tus_banco_mediceo_bureaucracy_impact_modifier, Categories: Country, , All, 
Tag: tus_mercanzia_bureaucracy_impact_modifier, Categories: Country, , All, 
Tag: tus_monte_comune_bureaucracy_impact_modifier, Categories: Country, , All, 
Tag: tus_otto_di_guardia_bureaucracy_impact_modifier, Categories: Country, , All, 
Tag: tus_pupilli_bureaucracy_impact_modifier, Categories: Country, , All, 
Tag: tus_signoria_bureaucracy_impact_modifier, Categories: Country, , All, 
Tag: tus_studio_pisano_bureaucracy_impact_modifier, Categories: Country, , All, 
Tag: tusi_chieftaincy_bureaucracy_impact_modifier, Categories: Country, , All, 
Tag: tws_camera_della_sommaria_bureaucracy_impact_modifier, Categories: Country, , All, 
Tag: tws_caricatori_grain_monopoly_bureaucracy_impact_modifier, Categories: Country, , All, 
Tag: tws_consiglio_collaterale_bureaucracy_impact_modifier, Categories: Country, , All, 
Tag: tws_constitutions_of_melfi_bureaucracy_impact_modifier, Categories: Country, , All, 
Tag: tws_dogana_delle_pecore_bureaucracy_impact_modifier, Categories: Country, , All, 
Tag: tws_sicilian_parliament_bureaucracy_impact_modifier, Categories: Country, , All, 
Tag: ukr_heneralna_starshyna_bureaucracy_impact_modifier, Categories: Country, , All, 
Tag: ukr_heneralnyi_sud_bureaucracy_impact_modifier, Categories: Country, , All, 
Tag: ukr_kyiv_mohyla_academy_bureaucracy_impact_modifier, Categories: Country, , All, 
Tag: ukr_pacta_et_constitutiones_bureaucracy_impact_modifier, Categories: Country, , All, 
Tag: ukr_polkovnyk_regimental_bureaucracy_impact_modifier, Categories: Country, , All, 
Tag: ukr_zaporizhian_sich_bureaucracy_impact_modifier, Categories: Country, , All, 
Tag: usa_bank_of_united_states_bureaucracy_impact_modifier, Categories: Country, , All, 
Tag: usa_continental_congress_bureaucracy_impact_modifier, Categories: Country, , All, 
Tag: usa_federal_constitution_bureaucracy_impact_modifier, Categories: Country, , All, 
Tag: usa_hamiltonian_treasury_bureaucracy_impact_modifier, Categories: Country, , All, 
Tag: usa_land_ordinance_bureaucracy_impact_modifier, Categories: Country, , All, 
Tag: usa_marshall_supreme_court_bureaucracy_impact_modifier, Categories: Country, , All, 
Tag: usa_west_point_corps_bureaucracy_impact_modifier, Categories: Country, , All, 
Tag: vjn_coromandel_customs_bureaucracy_impact_modifier, Categories: Country, , All, 
Tag: vjn_diwan_kacheri_bureaucracy_impact_modifier, Categories: Country, , All, 
Tag: vjn_pampa_virupaksha_bureaucracy_impact_modifier, Categories: Country, , All, 
Tag: vjn_tirumala_devasthanam_bureaucracy_impact_modifier, Categories: Country, , All, 
Tag: wes_domkapitel_bureaucracy_impact_modifier, Categories: Country, , All, 
Tag: wes_femgericht_bureaucracy_impact_modifier, Categories: Country, , All, 
Tag: wes_hansedrittel_bureaucracy_impact_modifier, Categories: Country, , All, 
Tag: wes_markgenossenschaft_bureaucracy_impact_modifier, Categories: Country, , All, 
Tag: wes_reichskreis_bureaucracy_impact_modifier, Categories: Country, , All, 
Tag: westminster_parliament_bureaucracy_impact_modifier, Categories: Country, , All, 
Tag: yamskaya_sluzhba_bureaucracy_impact_modifier, Categories: Country, , All, 
Tag: yav_bilingual_chancery_bureaucracy_impact_modifier, Categories: Country, , All, 
Tag: yav_eparchia_strategoi_bureaucracy_impact_modifier, Categories: Country, , All, 
Tag: yav_polis_asty_council_bureaucracy_impact_modifier, Categories: Country, , All, 
Tag: yav_sangha_patronage_bureaucracy_impact_modifier, Categories: Country, , All, 
Tag: ymp_kokudaka_governance_bureaucracy_impact_modifier, Categories: Country, , All, 
Tag: ymp_metsuke_censorate_bureaucracy_impact_modifier, Categories: Country, , All, 
Tag: ymp_sankin_kotai_bureaucracy_impact_modifier, Categories: Country, , All, 
Tag: ymp_sankyo_itchi_bureaucracy_impact_modifier, Categories: Country, , All, 
Tag: ymp_suigun_bugyo_bureaucracy_impact_modifier, Categories: Country, , All, 
Tag: ymp_tairiku_bakufu_bureaucracy_impact_modifier, Categories: Country, , All, 
Tag: yua_phags_pa_script_bureaucracy_impact_modifier, Categories: Country, , All, 
Tag: yua_semu_caste_bureaucracy_impact_modifier, Categories: Country, , All, 
Tag: yua_shumi_yuan_bureaucracy_impact_modifier, Categories: Country, , All, 
Tag: yua_yan_zheng_bureaucracy_impact_modifier, Categories: Country, , All, 
Tag: yua_yushi_tai_bureaucracy_impact_modifier, Categories: Country, , All, 
Tag: yua_zhongshu_sheng_bureaucracy_impact_modifier, Categories: Country, , All, 
Tag: num_nd_provincial_estates, Categories: Country, , All, 
Tag: num_nd_port_commanderies, Categories: Country, , All, 
Tag: cm_city_upgrade_price_cost_modifier, Categories: Country, , All, 
Tag: cm_town_upgrade_price_cost_modifier, Categories: Country, , All, 
Tag: cm_rgo_level, Categories: Location, , All, 
